time,Thi Mean,Thi Std,Tho Mean,Tho Std,Tci Mean,Tci Std,Tco Mean,Tco Std
0.000,45.235,0.134,40.940,0.107,0.570,0.073,0.716,0.069
10.000,45.235,0.134,40.972,0.079,0.531,0.084,0.773,0.081
20.000,45.243,0.091,40.940,0.119,0.523,0.082,0.748,0.075
30.000,45.243,0.105,40.909,0.069,0.546,0.077,0.765,0.054
40.000,45.266,0.117,41.027,0.119,0.554,0.067,0.716,0.103
50.000,45.243,0.098,40.924,0.118,0.546,0.067,0.773,0.089
60.000,45.259,0.120,40.995,0.122,0.538,0.067,0.732,0.079
70.000,45.298,0.158,41.019,0.056,0.554,0.093,0.740,0.094
80.000,45.376,0.129,40.995,0.104,0.586,0.065,0.756,0.071
90.000,45.314,0.084,41.114,0.092,0.523,0.073,0.716,0.110
100.000,45.361,0.097,41.011,0.093,0.531,0.140,0.724,0.079
110.000,45.282,0.192,41.059,0.118,0.546,0.085,0.716,0.079
120.000,45.376,0.099,41.027,0.055,0.538,0.093,0.724,0.103
130.000,45.423,0.098,41.027,0.107,0.562,0.092,0.732,0.057
140.000,45.400,0.128,41.043,0.082,0.618,0.055,0.773,0.060
150.000,45.376,0.092,41.067,0.045,0.538,0.067,0.740,0.067
160.000,45.416,0.150,41.051,0.069,0.594,0.069,0.748,0.084
170.000,45.416,0.101,41.067,0.079,0.531,0.065,0.748,0.100
180.000,45.376,0.124,41.035,0.099,0.562,0.099,0.700,0.075
190.000,45.369,0.128,41.114,0.075,0.546,0.136,0.732,0.057
200.000,45.439,0.137,41.043,0.104,0.554,0.085,0.724,0.069
210.000,45.361,0.152,41.011,0.067,0.578,0.087,0.724,0.096
220.000,45.439,0.103,41.011,0.119,0.546,0.067,0.724,0.079
230.000,45.408,0.072,41.059,0.083,0.586,0.099,0.691,0.089
240.000,45.439,0.081,41.090,0.076,0.562,0.065,0.740,0.067
250.000,45.455,0.066,41.106,0.076,0.523,0.090,0.773,0.097
260.000,45.447,0.083,41.051,0.095,0.546,0.067,0.708,0.102
270.000,45.423,0.083,41.067,0.095,0.562,0.075,0.716,0.079
280.000,45.439,0.103,41.098,0.067,0.546,0.067,0.724,0.079
290.000,45.416,0.136,41.098,0.085,0.531,0.084,0.675,0.105
300.000,45.455,0.149,41.130,0.087,0.578,0.079,0.765,0.054
310.000,45.447,0.139,41.082,0.106,0.523,0.097,0.765,0.077
320.000,45.423,0.138,41.090,0.085,0.538,0.055,0.789,0.039
330.000,45.526,0.111,41.035,0.084,0.586,0.075,0.724,0.103
340.000,45.455,0.084,41.035,0.118,0.578,0.058,0.700,0.051
350.000,45.423,0.123,41.067,0.058,0.578,0.069,0.740,0.055
360.000,45.337,0.108,41.059,0.091,0.546,0.067,0.724,0.057
370.000,45.439,0.103,41.090,0.067,0.546,0.077,0.716,0.095
380.000,45.416,0.145,41.106,0.135,0.602,0.082,0.732,0.069
390.000,45.416,0.078,41.059,0.098,0.594,0.079,0.756,0.081
400.000,45.463,0.118,41.106,0.067,0.546,0.056,0.740,0.086
410.000,45.486,0.122,41.035,0.053,0.578,0.069,0.732,0.087
420.000,45.455,0.099,41.003,0.065,0.586,0.065,0.765,0.066
430.000,45.502,0.105,41.003,0.092,0.554,0.055,0.740,0.077
440.000,45.486,0.132,41.067,0.126,0.594,0.069,0.691,0.046
450.000,45.502,0.117,41.051,0.069,0.594,0.069,0.732,0.103
460.000,45.502,0.111,40.995,0.110,0.570,0.073,0.691,0.060
470.000,45.478,0.117,40.988,0.079,0.562,0.075,0.748,0.064
480.000,45.463,0.067,40.980,0.105,0.610,0.065,0.732,0.087
490.000,45.353,0.086,41.011,0.041,0.554,0.067,0.683,0.101
500.000,45.463,0.162,41.035,0.075,0.562,0.129,0.748,0.084
510.000,45.447,0.148,40.988,0.095,0.586,0.065,0.740,0.077
520.000,45.455,0.106,40.980,0.105,0.507,0.065,0.748,0.051
530.000,45.400,0.117,40.980,0.144,0.586,0.053,0.691,0.097
540.000,45.423,0.098,40.940,0.085,0.562,0.065,0.732,0.079
550.000,45.408,0.110,40.940,0.077,0.562,0.075,0.716,0.116
560.000,45.478,0.111,40.980,0.091,0.570,0.090,0.667,0.084
570.000,45.400,0.105,40.948,0.093,0.515,0.079,0.708,0.067
580.000,45.471,0.134,41.003,0.124,0.546,0.077,0.748,0.084
590.000,45.423,0.105,40.901,0.105,0.546,0.067,0.643,0.057
600.000,45.463,0.106,40.964,0.073,0.562,0.065,0.716,0.057
610.000,45.439,0.103,41.027,0.113,0.531,0.084,0.773,0.081
620.000,45.439,0.097,40.940,0.085,0.554,0.055,0.748,0.075
630.000,45.408,0.137,40.948,0.093,0.586,0.065,0.748,0.064
640.000,45.447,0.083,40.948,0.067,0.491,0.128,0.700,0.075
650.000,45.298,0.084,40.972,0.079,0.523,0.090,0.700,0.084
660.000,45.408,0.110,40.838,0.090,0.594,0.079,0.708,0.055
670.000,45.384,0.178,40.798,0.084,0.538,0.055,0.740,0.115
680.000,45.337,0.094,40.814,0.131,0.499,0.058,0.732,0.079
690.000,45.329,0.127,40.751,0.095,0.562,0.053,0.732,0.057
700.000,45.369,0.144,40.759,0.117,0.554,0.113,0.740,0.077
710.000,45.345,0.133,40.703,0.125,0.523,0.090,0.732,0.095
720.000,45.306,0.167,40.687,0.106,0.586,0.091,0.732,0.110
730.000,45.274,0.094,40.680,0.062,0.515,0.069,0.675,0.097
740.000,45.290,0.144,40.616,0.113,0.578,0.069,0.724,0.069
750.000,45.211,0.111,40.561,0.065,0.507,0.065,0.732,0.069
760.000,45.211,0.174,40.640,0.075,0.602,0.050,0.700,0.051
770.000,45.227,0.093,40.577,0.168,0.523,0.033,0.732,0.095
780.000,45.125,0.072,40.569,0.097,0.578,0.058,0.748,0.064
790.000,45.117,0.108,40.522,0.082,0.570,0.050,0.765,0.054
800.000,45.188,0.111,40.482,0.124,0.570,0.062,0.716,0.057
810.000,45.157,0.099,40.553,0.107,0.562,0.053,0.732,0.095
820.000,45.141,0.099,40.506,0.134,0.546,0.056,0.716,0.079
830.000,45.070,0.085,40.450,0.075,0.538,0.041,0.748,0.107
840.000,45.094,0.132,40.443,0.073,0.602,0.073,0.756,0.089
850.000,45.117,0.145,40.443,0.082,0.531,0.106,0.732,0.079
860.000,45.094,0.089,40.411,0.110,0.610,0.065,0.716,0.057
870.000,45.078,0.076,40.435,0.095,0.554,0.067,0.716,0.042
880.000,45.031,0.074,40.458,0.067,0.578,0.069,0.748,0.084
890.000,45.031,0.143,40.427,0.129,0.578,0.058,0.716,0.057
900.000,45.031,0.170,40.419,0.108,0.578,0.108,0.740,0.086
910.000,45.047,0.110,40.395,0.135,0.578,0.069,0.708,0.077
920.000,45.086,0.105,40.356,0.069,0.570,0.050,0.740,0.067
930.000,44.937,0.110,40.419,0.087,0.602,0.090,0.724,0.069
940.000,44.952,0.091,40.324,0.075,0.546,0.042,0.724,0.043
950.000,44.976,0.134,40.340,0.069,0.578,0.069,0.716,0.057
960.000,44.937,0.062,40.387,0.093,0.538,0.076,0.732,0.116
970.000,45.007,0.139,40.348,0.118,0.546,0.067,0.756,0.089
980.000,44.921,0.106,40.395,0.067,0.570,0.062,0.708,0.055
990.000,44.921,0.158,40.324,0.135,0.531,0.084,0.748,0.051
1000.000,44.842,0.066,40.332,0.117,0.538,0.076,0.756,0.060
1010.000,44.874,0.091,40.371,0.106,0.570,0.062,0.765,0.038
1020.000,44.921,0.158,40.340,0.102,0.586,0.065,0.740,0.067
1030.000,44.913,0.124,40.364,0.110,0.594,0.087,0.732,0.079
1040.000,44.929,0.139,40.300,0.130,0.594,0.095,0.691,0.071
1050.000,44.913,0.119,40.308,0.042,0.554,0.067,0.732,0.095
1060.000,44.937,0.127,40.387,0.100,0.531,0.092,0.691,0.060
1070.000,44.882,0.101,40.348,0.105,0.531,0.065,0.748,0.034
1080.000,44.858,0.050,40.364,0.082,0.618,0.085,0.724,0.088
1090.000,44.850,0.123,40.364,0.104,0.546,0.085,0.716,0.069
1100.000,44.874,0.117,40.285,0.097,0.570,0.062,0.756,0.071
1110.000,44.795,0.083,40.387,0.141,0.610,0.065,0.675,0.060
1120.000,44.897,0.144,40.356,0.079,0.538,0.076,0.748,0.064
1130.000,44.921,0.084,40.364,0.117,0.562,0.118,0.732,0.042
1140.000,44.842,0.066,40.292,0.092,0.586,0.075,0.716,0.069
1150.000,44.882,0.069,40.324,0.118,0.562,0.065,0.724,0.079
1160.000,44.780,0.072,40.324,0.053,0.562,0.038,0.716,0.079
1170.000,44.772,0.144,40.269,0.129,0.538,0.076,0.748,0.051
1180.000,44.874,0.139,40.261,0.120,0.538,0.100,0.748,0.075
1190.000,44.819,0.129,40.269,0.083,0.523,0.082,0.716,0.103
1200.000,45.070,0.593,40.253,0.166,0.538,0.067,0.700,0.064
1210.000,44.921,0.174,40.237,0.085,0.570,0.073,0.708,0.067
1220.000,44.811,0.089,40.261,0.102,0.538,0.055,0.748,0.075
1230.000,44.874,0.157,40.300,0.119,0.570,0.073,0.724,0.088
1240.000,44.811,0.122,40.300,0.067,0.531,0.099,0.724,0.096
1250.000,44.835,0.135,40.269,0.139,0.562,0.065,0.691,0.071
1260.000,44.866,0.094,40.253,0.097,0.554,0.067,0.740,0.086
1270.000,44.811,0.116,40.237,0.085,0.538,0.076,0.756,0.105
1280.000,44.819,0.105,40.269,0.099,0.538,0.100,0.740,0.055
1290.000,44.764,0.129,40.245,0.084,0.523,0.090,0.740,0.077
1300.000,44.819,0.083,40.308,0.077,0.546,0.042,0.716,0.087
1310.000,44.803,0.086,40.269,0.053,0.578,0.079,0.700,0.075
1320.000,44.772,0.157,40.316,0.085,0.523,0.082,0.691,0.105
1330.000,44.811,0.122,40.300,0.100,0.554,0.130,0.732,0.069
1340.000,44.756,0.076,40.253,0.111,0.562,0.084,0.748,0.051
1350.000,44.803,0.125,40.213,0.183,0.578,0.079,0.740,0.094
1360.000,44.740,0.139,40.245,0.112,0.554,0.055,0.740,0.094
1370.000,44.803,0.163,40.261,0.108,0.594,0.087,0.756,0.060
1380.000,44.780,0.122,40.308,0.100,0.546,0.056,0.708,0.067
1390.000,44.732,0.132,40.245,0.106,0.554,0.055,0.724,0.069
1400.000,44.764,0.118,40.198,0.095,0.546,0.042,0.732,0.069
1410.000,44.748,0.106,40.269,0.129,0.554,0.113,0.748,0.064
1420.000,44.811,0.103,40.300,0.100,0.562,0.065,0.691,0.097
1430.000,44.795,0.148,40.237,0.100,0.538,0.085,0.700,0.075
1440.000,44.764,0.118,40.253,0.090,0.538,0.067,0.716,0.079
1450.000,44.740,0.091,40.182,0.087,0.578,0.079,0.740,0.039
1460.000,44.787,0.078,40.174,0.097,0.554,0.067,0.708,0.094
1470.000,44.717,0.123,40.316,0.076,0.602,0.062,0.756,0.060
1480.000,44.725,0.136,40.253,0.128,0.531,0.065,0.748,0.100
1490.000,44.732,0.089,40.237,0.055,0.578,0.095,0.683,0.108
1500.000,44.740,0.083,40.277,0.142,0.546,0.085,0.724,0.088
1510.000,44.748,0.158,40.213,0.084,0.578,0.095,0.708,0.039
1520.000,44.693,0.117,40.245,0.135,0.578,0.058,0.740,0.077
1530.000,44.795,0.123,40.198,0.115,0.562,0.065,0.773,0.060
1540.000,44.780,0.097,40.261,0.069,0.546,0.056,0.748,0.075
1550.000,44.803,0.120,40.142,0.076,0.562,0.084,0.683,0.066
1560.000,44.717,0.083,40.229,0.100,0.531,0.075,0.748,0.084
1570.000,44.732,0.103,40.221,0.130,0.531,0.092,0.740,0.077
1580.000,44.748,0.076,40.213,0.084,0.570,0.050,0.748,0.064
1590.000,44.772,0.144,40.174,0.111,0.570,0.097,0.724,0.117
1600.000,44.756,0.106,40.205,0.122,0.602,0.073,0.691,0.071
1610.000,44.795,0.143,40.213,0.084,0.554,0.100,0.813,0.069
1620.000,44.717,0.111,40.190,0.105,0.578,0.058,0.708,0.055
1630.000,44.748,0.112,40.237,0.067,0.546,0.077,0.789,0.067
1640.000,44.764,0.162,40.237,0.093,0.586,0.083,0.765,0.054
1650.000,44.756,0.106,40.221,0.076,0.570,0.104,0.667,0.075
1660.000,44.740,0.098,40.198,0.079,0.610,0.053,0.789,0.067
1670.000,44.717,0.123,40.198,0.087,0.554,0.067,0.765,0.077
1680.000,44.685,0.092,40.253,0.128,0.578,0.058,0.724,0.069
1690.000,44.725,0.125,40.190,0.091,0.538,0.067,0.765,0.077
1700.000,44.654,0.142,40.182,0.115,0.554,0.055,0.683,0.086
1710.000,44.654,0.127,40.182,0.102,0.578,0.108,0.765,0.054
1720.000,44.732,0.132,40.182,0.120,0.562,0.075,0.716,0.087
1730.000,44.709,0.114,40.190,0.083,0.594,0.079,0.732,0.087
1740.000,44.772,0.129,40.182,0.120,0.554,0.100,0.756,0.060
1750.000,44.732,0.116,40.190,0.105,0.546,0.085,0.748,0.075
1760.000,44.654,0.142,40.198,0.137,0.538,0.041,0.756,0.081
1770.000,44.685,0.144,40.111,0.124,0.554,0.067,0.724,0.057
1780.000,44.725,0.108,40.190,0.129,0.570,0.082,0.724,0.088
1790.000,44.701,0.089,40.111,0.099,0.578,0.045,0.700,0.051
1800.000,44.693,0.105,40.134,0.084,0.578,0.079,0.756,0.097
1810.000,44.717,0.091,40.150,0.085,0.562,0.075,0.724,0.057
1820.000,44.677,0.119,40.150,0.113,0.554,0.067,0.773,0.081
1830.000,44.701,0.156,40.126,0.128,0.554,0.041,0.716,0.069
1840.000,44.709,0.146,40.055,0.140,0.546,0.107,0.724,0.110
1850.000,44.646,0.131,40.134,0.124,0.570,0.082,0.756,0.089
1860.000,44.583,0.148,40.071,0.093,0.531,0.053,0.675,0.081
1870.000,44.622,0.089,40.158,0.130,0.546,0.093,0.708,0.094
1880.000,44.709,0.086,40.142,0.107,0.531,0.053,0.708,0.086
1890.000,44.670,0.092,40.055,0.118,0.538,0.041,0.732,0.087
1900.000,44.638,0.098,40.032,0.099,0.546,0.067,0.700,0.084
1910.000,44.638,0.098,40.134,0.129,0.610,0.038,0.773,0.081
1920.000,44.630,0.125,40.071,0.067,0.578,0.069,0.748,0.064
1930.000,44.638,0.117,40.158,0.145,0.554,0.093,0.683,0.086
1940.000,44.591,0.162,40.079,0.055,0.594,0.079,0.708,0.077
1950.000,44.662,0.162,40.087,0.065,0.531,0.075,0.756,0.071
1960.000,44.544,0.110,40.071,0.100,0.570,0.111,0.691,0.060
1970.000,44.630,0.101,40.016,0.104,0.538,0.067,0.732,0.079
1980.000,44.638,0.128,40.055,0.053,0.523,0.082,0.675,0.071
1990.000,44.583,0.098,40.111,0.083,0.562,0.053,0.724,0.088
2000.000,44.615,0.157,40.024,0.102,0.570,0.062,0.756,0.097
2010.000,44.552,0.125,40.071,0.100,0.546,0.077,0.700,0.034
2020.000,44.520,0.149,40.079,0.113,0.515,0.115,0.724,0.103
2030.000,44.638,0.123,40.071,0.145,0.578,0.045,0.716,0.069
2040.000,44.591,0.124,40.063,0.085,0.578,0.079,0.724,0.079
2050.000,44.622,0.116,40.047,0.117,0.538,0.055,0.708,0.067
2060.000,44.677,0.100,40.063,0.085,0.586,0.075,0.724,0.088
2070.000,44.607,0.092,40.032,0.091,0.594,0.069,0.700,0.064
2080.000,44.552,0.114,40.063,0.100,0.570,0.073,0.716,0.069
2090.000,44.591,0.099,40.055,0.084,0.586,0.075,0.708,0.102
2100.000,44.607,0.076,40.024,0.120,0.570,0.111,0.756,0.071
2110.000,44.544,0.097,40.055,0.106,0.570,0.062,0.683,0.077
2120.000,44.607,0.106,40.000,0.093,0.546,0.056,0.789,0.094
2130.000,44.505,0.134,40.040,0.087,0.570,0.082,0.732,0.057
2140.000,44.473,0.114,40.024,0.126,0.546,0.067,0.700,0.100
2150.000,44.512,0.106,40.016,0.104,0.594,0.115,0.716,0.069
2160.000,44.583,0.111,40.047,0.097,0.546,0.085,0.756,0.060
2170.000,44.662,0.157,40.079,0.067,0.531,0.084,0.756,0.089
2180.000,44.481,0.166,40.063,0.076,0.538,0.093,0.700,0.064
2190.000,44.528,0.171,40.087,0.112,0.570,0.062,0.708,0.086
2200.000,44.544,0.133,40.040,0.108,0.554,0.067,0.691,0.081
2210.000,44.560,0.091,40.055,0.065,0.578,0.087,0.748,0.092
2220.000,44.552,0.114,40.032,0.075,0.523,0.050,0.683,0.054
2230.000,44.536,0.083,40.095,0.082,0.570,0.090,0.732,0.087
2240.000,44.497,0.116,40.040,0.087,0.570,0.073,0.700,0.107
2250.000,44.481,0.148,40.055,0.118,0.562,0.065,0.716,0.069
2260.000,44.481,0.083,40.071,0.077,0.538,0.085,0.716,0.069
2270.000,44.591,0.140,40.063,0.055,0.523,0.062,0.732,0.057
2280.000,44.560,0.105,40.016,0.082,0.554,0.076,0.724,0.069
2290.000,44.505,0.182,40.024,0.120,0.562,0.053,0.740,0.067
2300.000,44.520,0.119,40.032,0.099,0.554,0.085,0.683,0.077
2310.000,44.505,0.075,40.087,0.149,0.570,0.062,0.691,0.130
2320.000,44.505,0.129,40.016,0.104,0.554,0.093,0.740,0.086
2330.000,44.560,0.123,40.126,0.148,0.578,0.095,0.683,0.066
2340.000,44.528,0.118,40.071,0.093,0.562,0.084,0.716,0.087
2350.000,44.560,0.098,40.087,0.112,0.554,0.107,0.748,0.064
2360.000,44.552,0.108,40.119,0.069,0.554,0.055,0.708,0.055
2370.000,44.536,0.134,40.071,0.113,0.578,0.102,0.756,0.081
2380.000,44.591,0.099,40.071,0.100,0.523,0.062,0.732,0.079
2390.000,44.607,0.076,40.047,0.062,0.538,0.076,0.724,0.069
2400.000,44.575,0.103,40.079,0.076,0.578,0.069,0.700,0.092
2410.000,44.552,0.058,40.079,0.085,0.594,0.058,0.716,0.069
2420.000,44.552,0.155,40.016,0.133,0.562,0.053,0.708,0.094
2430.000,44.536,0.129,40.087,0.118,0.554,0.093,0.740,0.077
2440.000,44.591,0.092,40.040,0.137,0.594,0.108,0.732,0.069
2450.000,44.560,0.098,40.087,0.084,0.554,0.076,0.708,0.039
2460.000,44.536,0.117,40.047,0.090,0.546,0.085,0.740,0.094
2470.000,44.567,0.101,40.008,0.106,0.523,0.104,0.732,0.079
2480.000,44.544,0.062,40.079,0.085,0.586,0.118,0.700,0.126
2490.000,44.560,0.105,40.040,0.115,0.578,0.045,0.740,0.067
2500.000,44.567,0.120,40.047,0.133,0.578,0.045,0.708,0.077
2510.000,44.646,0.125,40.047,0.104,0.562,0.053,0.765,0.115
2520.000,44.544,0.133,40.119,0.115,0.586,0.083,0.765,0.094
2530.000,44.615,0.129,40.111,0.112,0.578,0.079,0.740,0.094
2540.000,44.567,0.125,40.126,0.082,0.570,0.050,0.756,0.060
2550.000,44.615,0.117,40.055,0.118,0.538,0.085,0.740,0.115
2560.000,44.591,0.118,40.016,0.073,0.554,0.076,0.708,0.055
2570.000,44.536,0.105,40.063,0.093,0.578,0.115,0.716,0.057
2580.000,44.544,0.097,40.016,0.090,0.586,0.065,0.740,0.109
2590.000,44.512,0.158,40.008,0.112,0.586,0.075,0.716,0.087
2600.000,44.599,0.113,40.040,0.087,0.523,0.050,0.708,0.067
2610.000,44.630,0.141,40.024,0.095,0.594,0.069,0.732,0.087
2620.000,44.473,0.146,40.024,0.095,0.610,0.084,0.691,0.081
2630.000,44.505,0.166,39.992,0.119,0.594,0.058,0.724,0.069
2640.000,44.560,0.134,39.961,0.142,0.546,0.056,0.740,0.077
2650.000,44.552,0.094,40.079,0.076,0.554,0.107,0.748,0.092
2660.000,44.567,0.141,40.047,0.097,0.523,0.062,0.724,0.079
2670.000,44.520,0.149,39.976,0.135,0.570,0.073,0.732,0.042
2680.000,44.544,0.161,40.008,0.099,0.554,0.093,0.724,0.117
2690.000,44.489,0.120,39.961,0.102,0.531,0.053,0.708,0.077
2700.000,44.528,0.166,40.087,0.084,0.538,0.076,0.683,0.066
2710.000,44.536,0.123,39.945,0.108,0.546,0.100,0.724,0.079
2720.000,44.567,0.086,40.016,0.082,0.562,0.084,0.748,0.114
2730.000,44.497,0.103,39.984,0.093,0.554,0.113,0.748,0.075
2740.000,44.552,0.141,39.992,0.093,0.507,0.118,0.781,0.107
2750.000,44.544,0.097,39.976,0.092,0.562,0.075,0.765,0.094
2760.000,44.560,0.174,39.953,0.124,0.578,0.079,0.716,0.042
2770.000,44.481,0.123,40.063,0.107,0.538,0.067,0.740,0.094
2780.000,44.520,0.085,40.047,0.097,0.578,0.095,0.724,0.069
2790.000,44.512,0.084,40.047,0.062,0.562,0.099,0.724,0.117
2800.000,44.457,0.117,39.976,0.092,0.586,0.065,0.756,0.081
2810.000,44.528,0.124,40.032,0.099,0.570,0.082,0.748,0.075
2820.000,44.528,0.118,40.071,0.125,0.562,0.075,0.748,0.075
2830.000,44.520,0.100,39.992,0.077,0.515,0.079,0.748,0.051
2840.000,44.583,0.111,40.024,0.126,0.546,0.100,0.781,0.075
2850.000,44.567,0.136,40.032,0.118,0.586,0.075,0.740,0.086
2860.000,44.497,0.116,40.040,0.131,0.531,0.075,0.748,0.092
2870.000,44.544,0.110,40.032,0.065,0.554,0.067,0.765,0.054
2880.000,44.536,0.123,40.032,0.091,0.578,0.079,0.748,0.064
2890.000,44.544,0.110,40.032,0.083,0.531,0.053,0.740,0.086
2900.000,44.512,0.140,40.016,0.133,0.523,0.082,0.765,0.108
2910.000,44.410,0.176,40.063,0.076,0.554,0.093,0.700,0.084
2920.000,44.528,0.124,40.008,0.124,0.554,0.085,0.659,0.067
2930.000,44.450,0.092,39.968,0.062,0.570,0.073,0.691,0.089
2940.000,44.544,0.116,39.945,0.095,0.531,0.084,0.724,0.088
2950.000,44.497,0.089,39.992,0.130,0.554,0.076,0.732,0.110
2960.000,44.536,0.111,39.992,0.085,0.562,0.065,0.708,0.067
2970.000,44.473,0.086,39.976,0.099,0.633,0.055,0.740,0.094
2980.000,44.520,0.140,40.079,0.155,0.554,0.067,0.765,0.066
2990.000,44.505,0.091,40.008,0.092,0.554,0.085,0.732,0.057
3000.000,44.536,0.153,40.016,0.143,0.554,0.125,0.708,0.094
3010.000,44.497,0.089,40.000,0.076,0.538,0.067,0.724,0.079
3020.000,44.450,0.135,39.968,0.082,0.578,0.069,0.765,0.066
3030.000,44.544,0.062,40.071,0.093,0.538,0.093,0.740,0.039
3040.000,44.560,0.134,40.000,0.067,0.602,0.050,0.740,0.077
3050.000,44.536,0.123,40.103,0.108,0.570,0.062,0.732,0.057
3060.000,44.465,0.103,40.079,0.130,0.602,0.090,0.683,0.054
3070.000,44.544,0.133,40.040,0.142,0.562,0.075,0.708,0.127
3080.000,44.567,0.114,40.047,0.050,0.515,0.058,0.740,0.086
3090.000,44.528,0.106,40.055,0.099,0.578,0.045,0.732,0.110
3100.000,44.552,0.058,40.119,0.087,0.499,0.058,0.765,0.086
3110.000,44.536,0.117,40.095,0.097,0.562,0.099,0.732,0.057
3120.000,44.536,0.148,40.103,0.095,0.586,0.065,0.708,0.067
3130.000,44.567,0.114,40.174,0.111,0.570,0.082,0.716,0.069
3140.000,44.583,0.091,40.095,0.133,0.546,0.067,0.756,0.081
3150.000,44.622,0.081,40.182,0.095,0.562,0.075,0.724,0.043
3160.000,44.670,0.084,40.237,0.076,0.586,0.105,0.691,0.060
3170.000,44.575,0.192,40.237,0.130,0.562,0.084,0.765,0.101
3180.000,44.630,0.069,40.269,0.083,0.538,0.041,0.732,0.079
3190.000,44.599,0.130,40.261,0.115,0.570,0.050,0.732,0.103
3200.000,44.599,0.119,40.229,0.093,0.554,0.093,0.732,0.079
3210.000,44.591,0.144,40.332,0.138,0.546,0.085,0.716,0.095
3220.000,44.654,0.089,40.308,0.067,0.546,0.042,0.724,0.069
3230.000,44.638,0.111,40.300,0.076,0.531,0.084,0.708,0.077
3240.000,44.638,0.153,40.332,0.110,0.554,0.067,0.765,0.066
3250.000,44.670,0.140,40.364,0.090,0.570,0.082,0.724,0.096
3260.000,44.709,0.069,40.364,0.104,0.578,0.069,0.748,0.114
3270.000,44.709,0.101,40.395,0.067,0.538,0.085,0.675,0.060
3280.000,44.670,0.112,40.387,0.093,0.554,0.055,0.724,0.069
3290.000,44.693,0.083,40.427,0.091,0.531,0.084,0.765,0.101
3300.000,44.748,0.106,40.458,0.119,0.554,0.067,0.789,0.055
3310.000,44.764,0.149,40.443,0.097,0.570,0.062,0.724,0.079
3320.000,44.685,0.076,40.482,0.106,0.602,0.082,0.748,0.100
3330.000,44.772,0.129,40.482,0.149,0.625,0.085,0.773,0.060
3340.000,44.787,0.094,40.450,0.075,0.523,0.082,0.732,0.087
3350.000,44.811,0.181,40.506,0.105,0.570,0.082,0.740,0.055
3360.000,44.811,0.127,40.529,0.092,0.562,0.112,0.765,0.054
3370.000,44.882,0.108,40.490,0.097,0.586,0.083,0.765,0.077
3380.000,44.897,0.117,40.506,0.091,0.562,0.038,0.756,0.071
3390.000,44.897,0.148,40.545,0.107,0.578,0.095,0.740,0.077
3400.000,44.842,0.182,40.529,0.092,0.562,0.084,0.740,0.086
3410.000,44.850,0.117,40.561,0.144,0.562,0.075,0.724,0.069
3420.000,44.905,0.170,40.624,0.100,0.570,0.050,0.732,0.079
3430.000,44.866,0.136,40.608,0.099,0.515,0.095,0.691,0.124
3440.000,44.882,0.086,40.656,0.087,0.562,0.038,0.732,0.095
3450.000,44.944,0.150,40.632,0.085,0.562,0.084,0.708,0.067
3460.000,44.913,0.149,40.640,0.118,0.562,0.106,0.748,0.084
3470.000,44.882,0.120,40.656,0.095,0.554,0.076,0.708,0.086
3480.000,44.913,0.124,40.727,0.128,0.586,0.065,0.708,0.109
3490.000,44.944,0.094,40.695,0.113,0.538,0.076,0.765,0.077
3500.000,44.937,0.089,40.727,0.117,0.562,0.053,0.724,0.057
3510.000,44.929,0.129,40.680,0.117,0.538,0.076,0.756,0.081
3520.000,44.960,0.120,40.664,0.091,0.594,0.087,0.691,0.097
3530.000,45.015,0.089,40.782,0.100,0.578,0.087,0.740,0.086
3540.000,45.023,0.131,40.751,0.114,0.562,0.106,0.756,0.097
3550.000,45.023,0.146,40.751,0.120,0.538,0.085,0.724,0.088
3560.000,45.015,0.138,40.719,0.135,0.554,0.100,0.732,0.057
3570.000,45.039,0.120,40.782,0.107,0.570,0.050,0.748,0.064
3580.000,45.015,0.132,40.766,0.118,0.546,0.085,0.732,0.057
3590.000,45.047,0.122,40.798,0.075,0.546,0.100,0.732,0.057
3600.000,45.086,0.111,40.806,0.122,0.531,0.084,0.748,0.114
3610.000,45.039,0.108,40.822,0.053,0.594,0.102,0.691,0.071
3620.000,45.133,0.105,40.766,0.106,0.570,0.073,0.765,0.115
3630.000,45.180,0.078,40.782,0.093,0.578,0.087,0.756,0.089
3640.000,45.054,0.098,40.838,0.073,0.538,0.067,0.732,0.057
3650.000,45.102,0.108,40.806,0.090,0.562,0.099,0.724,0.088
3660.000,45.109,0.091,40.909,0.087,0.570,0.111,0.756,0.060
3670.000,45.196,0.108,40.845,0.149,0.523,0.062,0.748,0.092
3680.000,45.141,0.166,40.893,0.131,0.562,0.065,0.716,0.069
3690.000,45.164,0.134,40.853,0.119,0.570,0.073,0.732,0.079
3700.000,45.157,0.092,40.869,0.085,0.554,0.076,0.675,0.089
3710.000,45.211,0.091,40.916,0.082,0.531,0.053,0.724,0.088
3720.000,45.117,0.086,40.909,0.079,0.538,0.055,0.756,0.089
3730.000,45.290,0.074,40.893,0.108,0.578,0.102,0.691,0.060
3740.000,45.290,0.128,40.924,0.099,0.562,0.092,0.789,0.077
3750.000,45.196,0.078,40.909,0.102,0.562,0.075,0.691,0.071
3760.000,45.274,0.069,40.869,0.076,0.570,0.082,0.724,0.069
3770.000,45.243,0.185,40.956,0.106,0.570,0.050,0.756,0.081
3780.000,45.219,0.099,40.988,0.069,0.499,0.079,0.756,0.081
3790.000,45.219,0.084,41.027,0.107,0.554,0.055,0.732,0.069
3800.000,45.227,0.106,40.972,0.095,0.602,0.097,0.716,0.057
3810.000,45.298,0.055,41.011,0.100,0.610,0.075,0.708,0.067
3820.000,45.306,0.067,41.011,0.085,0.538,0.067,0.740,0.077
3830.000,45.274,0.108,40.995,0.110,0.578,0.079,0.708,0.138
3840.000,45.298,0.144,40.995,0.117,0.570,0.062,0.732,0.087
3850.000,45.353,0.131,40.988,0.079,0.546,0.125,0.716,0.069
3860.000,45.306,0.093,41.035,0.118,0.562,0.065,0.724,0.103
3870.000,45.369,0.111,41.035,0.106,0.602,0.062,0.740,0.055
3880.000,45.329,0.050,41.043,0.090,0.602,0.062,0.748,0.084
3890.000,45.329,0.072,41.059,0.083,0.602,0.090,0.700,0.064
3900.000,45.274,0.141,41.090,0.041,0.586,0.083,0.765,0.101
3910.000,45.384,0.118,41.051,0.114,0.515,0.095,0.748,0.051
3920.000,45.337,0.101,41.067,0.079,0.570,0.050,0.732,0.079
3930.000,45.392,0.158,41.043,0.090,0.586,0.053,0.740,0.077
3940.000,45.337,0.125,41.106,0.119,0.483,0.075,0.748,0.051
3950.000,45.306,0.085,41.051,0.087,0.523,0.104,0.683,0.094
3960.000,45.298,0.118,41.074,0.104,0.570,0.082,0.732,0.079
3970.000,45.321,0.162,41.043,0.104,0.546,0.125,0.700,0.100
3980.000,45.408,0.081,41.059,0.083,0.538,0.055,0.667,0.084
3990.000,45.384,0.175,41.090,0.119,0.602,0.073,0.732,0.057
4000.000,45.423,0.161,41.059,0.098,0.578,0.079,0.708,0.086
4010.000,45.416,0.108,41.067,0.087,0.594,0.079,0.732,0.057
4020.000,45.361,0.137,41.090,0.107,0.523,0.082,0.724,0.110
4030.000,45.408,0.169,41.098,0.085,0.578,0.108,0.691,0.081
4040.000,45.314,0.189,41.114,0.075,0.570,0.123,0.724,0.069
4050.000,45.478,0.139,41.122,0.073,0.538,0.067,0.724,0.057
4060.000,45.400,0.123,41.082,0.158,0.578,0.087,0.708,0.067
4070.000,45.392,0.118,41.059,0.074,0.586,0.091,0.756,0.081
4080.000,45.447,0.098,41.082,0.129,0.531,0.092,0.756,0.081
4090.000,45.416,0.136,41.082,0.112,0.523,0.062,0.691,0.060
4100.000,45.455,0.118,41.067,0.058,0.578,0.115,0.765,0.077
4110.000,45.455,0.129,41.098,0.067,0.570,0.090,0.675,0.081
4120.000,45.455,0.106,41.106,0.093,0.586,0.075,0.732,0.095
4130.000,45.471,0.149,41.090,0.119,0.562,0.099,0.732,0.057
4140.000,45.447,0.162,41.082,0.092,0.554,0.067,0.716,0.069
4150.000,45.423,0.098,41.067,0.069,0.562,0.065,0.691,0.060
4160.000,45.337,0.120,41.051,0.108,0.562,0.099,0.732,0.079
4170.000,45.455,0.118,41.098,0.100,0.594,0.079,0.756,0.071
4180.000,45.463,0.113,41.051,0.079,0.554,0.055,0.740,0.067
4190.000,45.447,0.157,41.090,0.067,0.578,0.079,0.724,0.057
4200.000,45.423,0.105,41.138,0.083,0.602,0.097,0.716,0.069
4210.000,45.471,0.112,41.074,0.073,0.570,0.128,0.691,0.060
4220.000,45.455,0.066,41.082,0.084,0.538,0.085,0.667,0.114
4230.000,45.392,0.106,41.067,0.114,0.554,0.076,0.716,0.087
4240.000,45.455,0.106,41.082,0.092,0.554,0.055,0.732,0.069
4250.000,45.439,0.097,41.082,0.084,0.531,0.075,0.700,0.064
4260.000,45.439,0.173,41.003,0.144,0.570,0.082,0.708,0.102
4270.000,45.416,0.108,41.035,0.124,0.610,0.092,0.724,0.096
4280.000,45.494,0.163,41.098,0.067,0.594,0.045,0.724,0.088
4290.000,45.463,0.093,41.074,0.073,0.602,0.073,0.708,0.055
4300.000,45.463,0.085,41.082,0.112,0.538,0.041,0.732,0.057
4310.000,45.431,0.108,41.059,0.129,0.578,0.102,0.716,0.079
4320.000,45.463,0.154,41.003,0.112,0.578,0.058,0.765,0.054
4330.000,45.455,0.144,41.011,0.113,0.554,0.100,0.708,0.055
4340.000,45.518,0.127,41.003,0.092,0.578,0.069,0.756,0.105
4350.000,45.439,0.127,41.011,0.093,0.531,0.065,0.708,0.102
4360.000,45.423,0.133,41.074,0.104,0.578,0.087,0.748,0.092
4370.000,45.439,0.089,41.027,0.076,0.554,0.093,0.708,0.067
4380.000,45.353,0.094,41.027,0.085,0.578,0.045,0.716,0.087
4390.000,45.486,0.147,40.995,0.073,0.531,0.099,0.716,0.087
4400.000,45.439,0.072,41.019,0.085,0.594,0.058,0.716,0.095
4410.000,45.463,0.145,41.051,0.025,0.602,0.062,0.748,0.092
4420.000,45.416,0.078,40.988,0.058,0.586,0.083,0.740,0.077
4430.000,45.416,0.058,41.059,0.064,0.578,0.102,0.724,0.096
4440.000,45.447,0.144,41.051,0.095,0.562,0.075,0.748,0.100
4450.000,45.463,0.124,41.003,0.099,0.554,0.085,0.740,0.077
4460.000,45.455,0.092,41.027,0.107,0.546,0.077,0.708,0.055
4470.000,45.416,0.114,41.019,0.085,0.538,0.041,0.716,0.079
4480.000,45.471,0.153,41.027,0.055,0.570,0.062,0.773,0.071
4490.000,45.369,0.139,41.027,0.055,0.570,0.073,0.724,0.043
4500.000,45.400,0.091,41.067,0.069,0.562,0.053,0.708,0.055
4510.000,45.486,0.152,41.011,0.085,0.570,0.104,0.740,0.094
4520.000,45.447,0.117,40.972,0.095,0.578,0.095,0.756,0.060
4530.000,45.447,0.083,40.972,0.095,0.578,0.079,0.732,0.057
4540.000,45.376,0.084,40.980,0.118,0.546,0.042,0.724,0.103
4550.000,45.447,0.148,41.011,0.135,0.578,0.108,0.700,0.075
4560.000,45.353,0.120,41.035,0.129,0.562,0.065,0.748,0.075
4570.000,45.416,0.120,40.988,0.102,0.546,0.056,0.773,0.071
4580.000,45.408,0.110,40.995,0.073,0.578,0.069,0.748,0.084
4590.000,45.416,0.086,40.980,0.091,0.562,0.092,0.708,0.067
4600.000,45.486,0.110,40.909,0.108,0.554,0.085,0.716,0.069
4610.000,45.408,0.110,40.964,0.117,0.554,0.076,0.724,0.088
4620.000,45.416,0.125,41.027,0.107,0.523,0.082,0.732,0.087
4630.000,45.392,0.124,40.940,0.077,0.531,0.075,0.756,0.071
4640.000,45.463,0.167,40.948,0.093,0.570,0.062,0.732,0.103
4650.000,45.369,0.139,40.995,0.153,0.562,0.075,0.756,0.081
4660.000,45.408,0.142,40.924,0.092,0.562,0.075,0.748,0.051
4670.000,45.376,0.139,40.956,0.084,0.546,0.077,0.700,0.075
4680.000,45.416,0.125,40.901,0.099,0.523,0.128,0.724,0.096
4690.000,45.361,0.097,40.932,0.113,0.538,0.093,0.732,0.069
4700.000,45.400,0.128,40.980,0.091,0.523,0.062,0.724,0.117
4710.000,45.455,0.106,40.932,0.100,0.554,0.100,0.724,0.103
4720.000,45.361,0.062,40.916,0.110,0.507,0.065,0.691,0.097
4730.000,45.376,0.139,41.003,0.092,0.586,0.075,0.756,0.071
4740.000,45.471,0.124,40.948,0.085,0.618,0.093,0.708,0.077
4750.000,45.345,0.143,40.909,0.079,0.570,0.111,0.708,0.077
4760.000,45.408,0.072,40.956,0.129,0.531,0.084,0.773,0.130
4770.000,45.400,0.166,40.964,0.097,0.610,0.084,0.740,0.067
4780.000,45.384,0.106,40.916,0.090,0.531,0.053,0.724,0.043
4790.000,45.408,0.089,40.932,0.076,0.570,0.073,0.708,0.055
4800.000,45.361,0.116,40.948,0.107,0.531,0.075,0.765,0.086
4810.000,45.439,0.110,40.948,0.113,0.554,0.107,0.708,0.077
4820.000,45.337,0.125,40.916,0.082,0.531,0.092,0.748,0.084
4830.000,45.447,0.123,40.980,0.091,0.531,0.065,0.732,0.079
4840.000,45.400,0.117,40.940,0.077,0.586,0.105,0.765,0.066
4850.000,45.400,0.083,40.901,0.091,0.531,0.053,0.773,0.071
4860.000,45.376,0.149,40.932,0.055,0.570,0.062,0.740,0.094
4870.000,45.369,0.105,40.932,0.100,0.578,0.045,0.748,0.075
4880.000,45.345,0.111,40.956,0.099,0.594,0.095,0.716,0.069
4890.000,45.376,0.124,40.964,0.128,0.586,0.105,0.756,0.071
4900.000,45.329,0.110,40.916,0.104,0.586,0.118,0.724,0.057
4910.000,45.400,0.123,40.916,0.090,0.610,0.075,0.732,0.069
4920.000,45.353,0.120,40.956,0.112,0.570,0.062,0.748,0.075
4930.000,45.400,0.098,40.932,0.107,0.618,0.067,0.708,0.094
4940.000,45.306,0.154,40.948,0.076,0.562,0.084,0.732,0.095
4950.000,45.376,0.118,40.916,0.082,0.554,0.055,0.708,0.077
4960.000,45.447,0.128,40.956,0.075,0.570,0.090,0.667,0.064
4970.000,45.353,0.108,40.932,0.085,0.570,0.062,0.732,0.069
4980.000,45.345,0.143,40.885,0.097,0.562,0.092,0.732,0.069
4990.000,45.416,0.078,40.988,0.108,0.546,0.125,0.716,0.042
5000.000,45.345,0.091,40.909,0.079,0.570,0.062,0.716,0.069
5010.000,45.439,0.169,40.893,0.114,0.554,0.067,0.773,0.105
5020.000,45.423,0.123,40.956,0.065,0.618,0.076,0.691,0.097
5030.000,45.376,0.092,40.877,0.099,0.570,0.073,0.708,0.077
5040.000,45.400,0.111,41.011,0.067,0.554,0.076,0.748,0.051
5050.000,45.416,0.131,40.988,0.095,0.570,0.090,0.748,0.114
5060.000,45.455,0.112,40.948,0.119,0.554,0.093,0.740,0.067
5070.000,45.400,0.117,40.980,0.105,0.578,0.079,0.740,0.077
5080.000,45.408,0.110,40.924,0.092,0.618,0.107,0.781,0.084
5090.000,45.345,0.161,40.948,0.076,0.578,0.045,0.724,0.069
5100.000,45.455,0.139,40.964,0.128,0.594,0.069,0.756,0.105
5110.000,45.392,0.134,40.956,0.124,0.602,0.062,0.716,0.069
5120.000,45.431,0.101,40.988,0.058,0.554,0.067,0.732,0.110
5130.000,45.455,0.092,40.948,0.085,0.570,0.073,0.756,0.046
5140.000,45.416,0.114,41.011,0.107,0.602,0.082,0.708,0.086
5150.000,45.439,0.122,40.972,0.087,0.578,0.069,0.708,0.094
5160.000,45.439,0.110,40.948,0.100,0.562,0.075,0.708,0.086
5170.000,45.447,0.170,40.932,0.085,0.562,0.075,0.716,0.057
5180.000,45.423,0.143,40.988,0.079,0.602,0.073,0.732,0.079
5190.000,45.384,0.135,40.972,0.102,0.538,0.067,0.748,0.075
5200.000,45.400,0.074,41.019,0.093,0.562,0.075,0.724,0.088
5210.000,45.471,0.112,40.948,0.093,0.531,0.038,0.724,0.057
5220.000,45.471,0.099,41.027,0.113,0.554,0.113,0.773,0.089
5230.000,45.455,0.139,40.972,0.137,0.562,0.038,0.740,0.055
5240.000,45.431,0.101,41.003,0.106,0.538,0.076,0.708,0.055
5250.000,45.353,0.086,40.964,0.138,0.562,0.075,0.732,0.095
5260.000,45.431,0.114,40.980,0.074,0.594,0.079,0.724,0.043
5270.000,45.478,0.105,40.964,0.097,0.578,0.045,0.740,0.115
5280.000,45.533,0.118,41.027,0.076,0.531,0.084,0.691,0.081
5290.000,45.510,0.131,40.948,0.093,0.562,0.053,0.724,0.088
5300.000,45.392,0.112,40.956,0.084,0.562,0.065,0.773,0.111
5310.000,45.494,0.094,40.995,0.097,0.578,0.058,0.716,0.057
5320.000,45.369,0.091,41.003,0.092,0.538,0.076,0.732,0.069
5330.000,45.431,0.045,40.980,0.083,0.554,0.085,0.716,0.087
5340.000,45.416,0.131,41.027,0.093,0.586,0.065,0.732,0.087
5350.000,45.416,0.179,40.964,0.110,0.570,0.097,0.781,0.075
5360.000,45.486,0.173,40.956,0.053,0.562,0.065,0.732,0.057
5370.000,45.463,0.100,40.988,0.079,0.554,0.067,0.756,0.046
5380.000,45.423,0.083,40.972,0.120,0.554,0.076,0.732,0.103
5390.000,45.494,0.131,41.043,0.122,0.562,0.075,0.724,0.079
5400.000,45.447,0.098,40.995,0.097,0.554,0.085,0.724,0.069
5410.000,45.455,0.076,41.059,0.064,0.578,0.095,0.732,0.069
5420.000,45.478,0.091,40.964,0.117,0.546,0.056,0.765,0.066
5430.000,45.494,0.094,40.972,0.120,0.546,0.085,0.765,0.077
5440.000,45.463,0.149,41.043,0.050,0.531,0.038,0.732,0.069
5450.000,45.447,0.083,41.003,0.065,0.554,0.076,0.756,0.060
5460.000,45.478,0.065,41.027,0.067,0.538,0.041,0.748,0.034
5470.000,45.518,0.147,41.067,0.095,0.554,0.125,0.700,0.092
5480.000,45.486,0.156,41.074,0.082,0.554,0.085,0.732,0.057
5490.000,45.478,0.111,41.098,0.093,0.570,0.104,0.740,0.086
5500.000,45.455,0.139,41.074,0.082,0.538,0.093,0.773,0.046
5510.000,45.478,0.065,41.106,0.085,0.546,0.085,0.724,0.096
5520.000,45.486,0.062,41.067,0.069,0.586,0.099,0.691,0.071
5530.000,45.416,0.069,41.161,0.106,0.570,0.097,0.740,0.133
5540.000,45.510,0.179,41.193,0.053,0.578,0.045,0.781,0.064
5550.000,45.518,0.116,41.106,0.093,0.570,0.104,0.740,0.077
5560.000,45.510,0.125,41.153,0.097,0.546,0.056,0.740,0.086
5570.000,45.526,0.111,41.185,0.119,0.610,0.053,0.740,0.086
5580.000,45.541,0.093,41.177,0.077,0.602,0.090,0.683,0.038
5590.000,45.580,0.111,41.185,0.119,0.586,0.083,0.716,0.057
5600.000,45.541,0.113,41.224,0.079,0.578,0.087,0.765,0.101
5610.000,45.604,0.117,41.193,0.065,0.578,0.069,0.716,0.095
5620.000,45.541,0.130,41.288,0.102,0.546,0.100,0.748,0.075
5630.000,45.565,0.122,41.209,0.069,0.562,0.092,0.740,0.077
5640.000,45.557,0.166,41.232,0.117,0.594,0.087,0.740,0.067
5650.000,45.635,0.098,41.193,0.129,0.538,0.041,0.756,0.089
5660.000,45.604,0.134,41.185,0.100,0.578,0.045,0.740,0.102
5670.000,45.573,0.163,41.232,0.110,0.570,0.050,0.732,0.042
5680.000,45.620,0.113,41.209,0.102,0.538,0.076,0.732,0.149
5690.000,45.580,0.091,41.217,0.098,0.554,0.067,0.732,0.079
5700.000,45.541,0.118,41.248,0.093,0.562,0.092,0.724,0.069
5710.000,45.549,0.118,41.201,0.050,0.562,0.075,0.700,0.064
5720.000,45.518,0.103,41.232,0.133,0.546,0.056,0.732,0.079
5730.000,45.580,0.128,41.240,0.084,0.586,0.083,0.724,0.057
5740.000,45.612,0.092,41.217,0.074,0.594,0.102,0.732,0.069
5750.000,45.588,0.108,41.248,0.130,0.594,0.058,0.691,0.111
5760.000,45.596,0.096,41.201,0.073,0.546,0.093,0.716,0.079
5770.000,45.651,0.120,41.248,0.107,0.546,0.056,0.740,0.086
5780.000,45.635,0.091,41.201,0.128,0.578,0.087,0.740,0.086
5790.000,45.659,0.111,41.169,0.100,0.570,0.050,0.708,0.077
5800.000,45.659,0.143,41.240,0.092,0.546,0.042,0.765,0.101
5810.000,45.612,0.144,41.153,0.104,0.586,0.083,0.732,0.069
5820.000,45.651,0.175,41.240,0.118,0.538,0.076,0.716,0.079
5830.000,45.628,0.124,41.146,0.114,0.578,0.095,0.740,0.077
5840.000,45.643,0.142,41.264,0.076,0.578,0.079,0.708,0.039
5850.000,45.643,0.122,41.232,0.138,0.610,0.075,0.716,0.079
5860.000,45.659,0.143,41.177,0.085,0.562,0.092,0.740,0.094
5870.000,45.659,0.123,41.193,0.099,0.546,0.077,0.708,0.094
5880.000,45.659,0.128,41.240,0.112,0.594,0.079,0.740,0.086
5890.000,45.659,0.128,41.224,0.126,0.531,0.075,0.740,0.077
5900.000,45.604,0.134,41.256,0.145,0.570,0.082,0.748,0.064
5910.000,45.698,0.092,41.240,0.084,0.610,0.075,0.700,0.092
5920.000,45.651,0.078,41.264,0.113,0.554,0.100,0.765,0.086
5930.000,45.667,0.131,41.256,0.113,0.562,0.065,0.773,0.081
5940.000,45.628,0.124,41.217,0.098,0.538,0.100,0.724,0.103
5950.000,45.706,0.112,41.217,0.105,0.554,0.055,0.708,0.094
5960.000,45.628,0.139,41.232,0.090,0.562,0.084,0.716,0.103
5970.000,45.667,0.069,41.193,0.106,0.515,0.079,0.724,0.088
5980.000,45.675,0.122,41.217,0.118,0.562,0.075,0.724,0.096
5990.000,45.643,0.103,41.177,0.119,0.562,0.084,0.748,0.092
6000.000,45.659,0.074,41.248,0.093,0.538,0.085,0.740,0.094
6010.000,45.682,0.105,41.264,0.100,0.578,0.102,0.716,0.087
6020.000,45.659,0.117,41.311,0.090,0.531,0.084,0.773,0.060
6030.000,45.675,0.132,41.303,0.120,0.570,0.062,0.781,0.064
6040.000,45.659,0.123,41.288,0.095,0.586,0.075,0.748,0.064
6050.000,45.651,0.150,41.217,0.091,0.546,0.056,0.748,0.051
6060.000,45.612,0.112,41.248,0.154,0.570,0.082,0.700,0.064
6070.000,45.651,0.136,41.201,0.082,0.562,0.092,0.708,0.077
6080.000,45.643,0.147,41.303,0.131,0.538,0.055,0.740,0.067
6090.000,45.675,0.116,41.177,0.100,0.578,0.058,0.683,0.077
6100.000,45.651,0.120,41.288,0.058,0.586,0.075,0.756,0.071
6110.000,45.706,0.189,41.240,0.084,0.546,0.042,0.708,0.055
6120.000,45.620,0.130,41.232,0.133,0.562,0.075,0.724,0.088
6130.000,45.628,0.129,41.264,0.085,0.562,0.053,0.732,0.095
6140.000,45.722,0.116,41.264,0.093,0.562,0.084,0.732,0.087
6150.000,45.620,0.118,41.264,0.076,0.586,0.065,0.756,0.081
6160.000,45.628,0.092,41.272,0.053,0.546,0.067,0.789,0.067
6170.000,45.698,0.106,41.224,0.126,0.594,0.069,0.748,0.084
6180.000,45.675,0.116,41.224,0.087,0.586,0.091,0.756,0.097
6190.000,45.730,0.150,41.272,0.158,0.562,0.084,0.716,0.069
6200.000,45.659,0.064,41.240,0.134,0.586,0.083,0.724,0.088
6210.000,45.690,0.106,41.327,0.076,0.546,0.100,0.716,0.087
6220.000,45.698,0.140,41.264,0.085,0.562,0.092,0.740,0.055
6230.000,45.785,0.124,41.311,0.104,0.554,0.085,0.700,0.064
6240.000,45.722,0.110,41.319,0.118,0.554,0.076,0.732,0.069
6250.000,45.635,0.091,41.303,0.087,0.546,0.067,0.716,0.087
6260.000,45.667,0.131,41.319,0.092,0.570,0.033,0.740,0.094
6270.000,45.675,0.122,41.351,0.106,0.562,0.075,0.691,0.071
6280.000,45.659,0.133,41.359,0.128,0.531,0.053,0.724,0.079
6290.000,45.682,0.105,41.288,0.102,0.570,0.062,0.724,0.079
6300.000,45.690,0.099,41.351,0.144,0.586,0.065,0.732,0.057
6310.000,45.706,0.153,41.303,0.136,0.602,0.062,0.724,0.069
6320.000,45.682,0.098,41.272,0.084,0.538,0.067,0.740,0.077
6330.000,45.722,0.137,41.335,0.135,0.570,0.073,0.732,0.095
6340.000,45.737,0.098,41.335,0.093,0.538,0.067,0.716,0.079
6350.000,45.722,0.110,41.280,0.082,0.546,0.067,0.708,0.086
6360.000,45.753,0.188,41.382,0.087,0.538,0.085,0.748,0.051
6370.000,45.737,0.143,41.280,0.138,0.586,0.099,0.756,0.071
6380.000,45.667,0.101,41.303,0.141,0.570,0.090,0.756,0.105
6390.000,45.730,0.120,41.359,0.073,0.594,0.058,0.708,0.039
6400.000,45.682,0.105,41.374,0.129,0.586,0.099,0.748,0.092
6410.000,45.737,0.157,41.414,0.113,0.562,0.092,0.765,0.077
6420.000,45.730,0.125,41.374,0.112,0.554,0.067,0.781,0.075
6430.000,45.675,0.132,41.414,0.085,0.570,0.082,0.781,0.092
6440.000,45.706,0.092,41.327,0.093,0.610,0.075,0.748,0.075
6450.000,45.682,0.083,41.430,0.124,0.570,0.082,0.740,0.055
6460.000,45.667,0.120,41.406,0.067,0.578,0.045,0.773,0.060
6470.000,45.785,0.186,41.438,0.104,0.531,0.084,0.659,0.077
6480.000,45.777,0.135,41.446,0.058,0.546,0.085,0.724,0.079
6490.000,45.777,0.067,41.446,0.078,0.546,0.042,0.740,0.077
6500.000,45.769,0.129,41.493,0.067,0.538,0.085,0.716,0.079
6510.000,45.808,0.114,41.453,0.064,0.531,0.092,0.756,0.060
6520.000,45.769,0.092,41.485,0.076,0.546,0.067,0.708,0.055
6530.000,45.730,0.125,41.446,0.114,0.578,0.045,0.716,0.079
6540.000,45.714,0.105,41.485,0.093,0.554,0.055,0.756,0.097
6550.000,45.745,0.125,41.517,0.090,0.531,0.112,0.748,0.092
6560.000,45.769,0.099,41.556,0.112,0.554,0.067,0.675,0.060
6570.000,45.824,0.136,41.572,0.135,0.554,0.067,0.708,0.086
6580.000,45.777,0.166,41.580,0.055,0.538,0.067,0.708,0.094
6590.000,45.847,0.066,41.619,0.126,0.531,0.084,0.732,0.079
6600.000,45.808,0.171,41.580,0.100,0.538,0.085,0.716,0.042
6610.000,45.847,0.139,41.595,0.116,0.578,0.079,0.740,0.055
6620.000,45.832,0.132,41.619,0.087,0.570,0.050,0.765,0.066
6630.000,45.894,0.091,41.682,0.108,0.578,0.058,0.700,0.084
6640.000,45.894,0.091,41.643,0.125,0.538,0.076,0.805,0.096
6650.000,45.832,0.062,41.651,0.107,0.586,0.091,0.740,0.067
6660.000,45.871,0.128,41.611,0.118,0.531,0.092,0.732,0.087
6670.000,45.871,0.098,41.635,0.075,0.531,0.065,0.675,0.071
6680.000,45.910,0.116,41.603,0.094,0.538,0.055,0.724,0.079
6690.000,45.887,0.125,41.674,0.122,0.570,0.062,0.748,0.084
6700.000,45.863,0.092,41.698,0.094,0.554,0.067,0.748,0.064
6710.000,45.871,0.083,41.643,0.076,0.562,0.065,0.789,0.094
6720.000,45.957,0.081,41.682,0.078,0.594,0.087,0.748,0.075
6730.000,45.918,0.074,41.738,0.125,0.538,0.093,0.732,0.095
6740.000,45.941,0.153,41.738,0.125,0.570,0.050,0.756,0.071
6750.000,45.863,0.099,41.714,0.092,0.586,0.075,0.740,0.094
6760.000,45.887,0.136,41.659,0.135,0.570,0.082,0.683,0.077
6770.000,45.910,0.165,41.714,0.139,0.657,0.087,0.765,0.094
6780.000,45.941,0.162,41.730,0.163,0.562,0.075,0.740,0.094
6790.000,45.918,0.098,41.722,0.107,0.586,0.065,0.756,0.111
6800.000,45.965,0.163,41.730,0.107,0.586,0.099,0.732,0.087
6810.000,45.965,0.094,41.761,0.094,0.562,0.084,0.740,0.067
6820.000,45.981,0.131,41.777,0.108,0.554,0.085,0.732,0.087
6830.000,45.957,0.132,41.730,0.100,0.578,0.045,0.700,0.064
6840.000,45.902,0.136,41.761,0.102,0.570,0.073,0.748,0.084
6850.000,46.004,0.129,41.698,0.126,0.570,0.073,0.748,0.092
6860.000,45.989,0.072,41.738,0.130,0.570,0.050,0.683,0.094
6870.000,45.926,0.076,41.753,0.104,0.531,0.075,0.748,0.064
6880.000,46.083,0.118,41.761,0.078,0.538,0.076,0.691,0.071
6890.000,46.051,0.083,41.714,0.065,0.554,0.076,0.740,0.077
6900.000,45.996,0.144,41.816,0.100,0.507,0.091,0.724,0.103
6910.000,46.004,0.112,41.730,0.150,0.554,0.055,0.732,0.103
6920.000,46.083,0.129,41.769,0.105,0.570,0.082,0.740,0.094
6930.000,46.075,0.111,41.738,0.140,0.538,0.093,0.756,0.046
6940.000,45.996,0.157,41.785,0.073,0.578,0.045,0.700,0.075
6950.000,46.051,0.169,41.635,0.099,0.554,0.093,0.716,0.095
6960.000,46.091,0.076,41.698,0.078,0.546,0.100,0.781,0.064
6970.000,46.075,0.134,41.714,0.092,0.578,0.087,0.732,0.079
6980.000,46.091,0.100,41.690,0.105,0.507,0.075,0.716,0.087
6990.000,46.130,0.083,41.722,0.085,0.602,0.073,0.716,0.042
7000.000,46.043,0.141,41.659,0.107,0.586,0.091,0.732,0.069
7010.000,46.012,0.100,41.690,0.083,0.610,0.145,0.740,0.077
7020.000,46.130,0.128,41.706,0.050,0.602,0.082,0.708,0.067
7030.000,46.043,0.114,41.690,0.105,0.570,0.050,0.740,0.094
7040.000,46.036,0.110,41.651,0.085,0.594,0.058,0.716,0.042
7050.000,46.059,0.150,41.627,0.110,0.538,0.085,0.732,0.079
7060.000,46.020,0.106,41.667,0.053,0.554,0.076,0.740,0.067
7070.000,46.067,0.081,41.643,0.119,0.562,0.065,0.700,0.075
7080.000,45.973,0.174,41.580,0.125,0.578,0.058,0.740,0.094
7090.000,46.012,0.118,41.596,0.082,0.499,0.069,0.732,0.110
7100.000,46.043,0.125,41.611,0.091,0.562,0.038,0.740,0.067
7110.000,46.004,0.099,41.556,0.075,0.594,0.058,0.740,0.077
7120.000,46.051,0.165,41.548,0.104,0.570,0.090,0.732,0.042
7130.000,46.051,0.133,41.603,0.126,0.546,0.056,0.748,0.114
7140.000,46.020,0.166,41.564,0.163,0.538,0.067,0.732,0.087
7150.000,46.051,0.098,41.540,0.078,0.570,0.082,0.756,0.089
7160.000,46.028,0.111,41.540,0.058,0.538,0.093,0.716,0.095
7170.000,46.012,0.106,41.540,0.114,0.570,0.097,0.781,0.114
7180.000,45.989,0.089,41.540,0.058,0.570,0.073,0.700,0.064
7190.000,45.965,0.101,41.619,0.108,0.586,0.065,0.756,0.060
7200.000,46.004,0.166,41.524,0.095,0.570,0.062,0.732,0.079
7210.000,45.910,0.122,41.556,0.065,0.618,0.055,0.789,0.086
7220.000,45.941,0.055,41.485,0.107,0.554,0.055,0.732,0.110
7230.000,46.004,0.153,41.438,0.050,0.586,0.065,0.724,0.079
7240.000,45.996,0.123,41.485,0.107,0.570,0.090,0.748,0.075
7250.000,45.989,0.127,41.461,0.058,0.578,0.079,0.756,0.060
7260.000,45.941,0.139,41.524,0.114,0.554,0.100,0.732,0.069
7270.000,45.910,0.103,41.414,0.093,0.531,0.092,0.683,0.101
7280.000,45.863,0.134,41.422,0.113,0.554,0.067,0.732,0.122
7290.000,45.926,0.153,41.398,0.118,0.570,0.062,0.708,0.102
7300.000,45.871,0.111,41.438,0.050,0.578,0.095,0.716,0.057
7310.000,45.887,0.131,41.414,0.093,0.570,0.090,0.756,0.071
7320.000,45.879,0.152,41.461,0.176,0.594,0.058,0.716,0.069
7330.000,45.894,0.083,41.351,0.092,0.523,0.062,0.732,0.079
7340.000,45.847,0.084,41.303,0.087,0.531,0.065,0.756,0.046
7350.000,45.855,0.129,41.438,0.128,0.523,0.073,0.716,0.079
7360.000,45.832,0.192,41.296,0.074,0.554,0.055,0.708,0.102
7370.000,45.839,0.091,41.343,0.076,0.554,0.093,0.724,0.069
7380.000,45.792,0.091,41.335,0.140,0.586,0.037,0.732,0.095
7390.000,45.730,0.131,41.406,0.125,0.618,0.067,0.740,0.077
7400.000,45.816,0.111,41.414,0.077,0.602,0.073,0.740,0.067
7410.000,45.792,0.139,41.296,0.074,0.554,0.085,0.740,0.102
7420.000,45.855,0.129,41.335,0.135,0.562,0.084,0.748,0.075
7430.000,45.777,0.149,41.319,0.118,0.586,0.091,0.765,0.066
7440.000,45.785,0.041,41.256,0.077,0.586,0.075,0.740,0.094
7450.000,45.753,0.103,41.343,0.085,0.546,0.085,0.748,0.100
7460.000,45.769,0.118,41.327,0.119,0.546,0.067,0.708,0.102
7470.000,45.777,0.113,41.272,0.099,0.538,0.076,0.756,0.089
7480.000,45.785,0.092,41.296,0.105,0.531,0.092,0.716,0.103
7490.000,45.816,0.111,41.256,0.107,0.546,0.067,0.773,0.081
7500.000,45.753,0.116,41.351,0.106,0.562,0.065,0.700,0.107
7510.000,45.737,0.111,41.296,0.083,0.586,0.065,0.748,0.064
7520.000,45.698,0.140,41.280,0.090,0.570,0.050,0.748,0.092
7530.000,45.730,0.155,41.296,0.098,0.515,0.045,0.716,0.095
7540.000,45.714,0.128,41.311,0.104,0.554,0.076,0.716,0.057
7550.000,45.730,0.155,41.193,0.084,0.546,0.100,0.732,0.069
7560.000,45.722,0.142,41.248,0.113,0.586,0.075,0.716,0.069
7570.000,45.690,0.129,41.217,0.064,0.554,0.067,0.732,0.069
7580.000,45.714,0.128,41.288,0.120,0.523,0.050,0.740,0.115
7590.000,45.737,0.177,41.248,0.113,0.554,0.076,0.724,0.057
7600.000,45.659,0.123,41.169,0.119,0.594,0.069,0.708,0.102
7610.000,45.675,0.110,41.209,0.079,0.578,0.069,0.691,0.089
7620.000,45.675,0.122,41.201,0.138,0.578,0.058,0.708,0.102
7630.000,45.659,0.117,41.232,0.082,0.594,0.079,0.781,0.064
7640.000,45.675,0.132,41.169,0.107,0.538,0.067,0.724,0.079
7650.000,45.706,0.112,41.161,0.118,0.586,0.065,0.748,0.075
7660.000,45.675,0.081,41.193,0.092,0.546,0.067,0.748,0.064
7670.000,45.620,0.124,41.106,0.085,0.562,0.099,0.732,0.069
7680.000,45.620,0.124,41.114,0.065,0.546,0.056,0.700,0.051
7690.000,45.628,0.153,41.122,0.090,0.586,0.065,0.732,0.079
7700.000,45.596,0.110,41.177,0.056,0.546,0.077,0.756,0.111
7710.000,45.635,0.128,41.146,0.102,0.523,0.082,0.732,0.057
7720.000,45.588,0.150,41.106,0.093,0.602,0.062,0.748,0.100
7730.000,45.580,0.143,41.090,0.093,0.594,0.069,0.773,0.071
7740.000,45.643,0.202,41.138,0.105,0.523,0.104,0.740,0.094
7750.000,45.580,0.098,41.146,0.151,0.562,0.084,0.732,0.069
7760.000,45.604,0.128,41.153,0.082,0.546,0.067,0.748,0.084
7770.000,45.651,0.145,41.090,0.055,0.523,0.050,0.708,0.055
7780.000,45.628,0.106,41.074,0.104,0.538,0.093,0.732,0.110
7790.000,45.580,0.143,41.082,0.106,0.554,0.076,0.765,0.077
7800.000,45.541,0.130,41.027,0.107,0.570,0.082,0.716,0.069
7810.000,45.486,0.192,41.067,0.058,0.554,0.055,0.683,0.101
7820.000,45.486,0.165,41.051,0.095,0.562,0.053,0.748,0.075
7830.000,45.557,0.105,41.074,0.073,0.594,0.045,0.773,0.105
7840.000,45.565,0.116,41.051,0.131,0.602,0.090,0.805,0.110
7850.000,45.526,0.105,40.988,0.102,0.586,0.053,0.708,0.094
7860.000,45.549,0.144,41.003,0.065,0.594,0.045,0.724,0.069
7870.000,45.502,0.128,41.051,0.079,0.602,0.082,0.716,0.087
7880.000,45.510,0.101,40.988,0.120,0.531,0.092,0.756,0.060
7890.000,45.502,0.083,40.980,0.112,0.562,0.075,0.708,0.077
7900.000,45.486,0.089,41.130,0.069,0.562,0.092,0.756,0.046
7910.000,45.518,0.147,41.043,0.097,0.578,0.079,0.732,0.087
7920.000,45.463,0.100,41.106,0.085,0.586,0.053,0.756,0.060
7930.000,45.502,0.143,41.035,0.099,0.499,0.069,0.748,0.100
7940.000,45.518,0.132,41.059,0.083,0.578,0.121,0.756,0.089
7950.000,45.431,0.167,41.011,0.119,0.546,0.067,0.732,0.095
7960.000,45.533,0.106,41.059,0.112,0.570,0.050,0.748,0.075
7970.000,45.494,0.136,41.035,0.092,0.602,0.062,0.716,0.095
7980.000,45.526,0.123,41.011,0.093,0.586,0.083,0.765,0.054
7990.000,45.502,0.091,41.019,0.119,0.554,0.130,0.740,0.055
8000.000,45.463,0.124,41.051,0.069,0.546,0.067,0.748,0.064
8010.000,45.471,0.084,41.003,0.129,0.570,0.062,0.732,0.069
8020.000,45.494,0.094,41.035,0.158,0.578,0.058,0.773,0.097
8030.000,45.518,0.142,41.019,0.056,0.578,0.087,0.700,0.084
8040.000,45.494,0.125,41.043,0.104,0.538,0.067,0.732,0.057
8050.000,45.471,0.124,41.051,0.146,0.554,0.107,0.724,0.079
8060.000,45.471,0.134,41.090,0.113,0.531,0.099,0.732,0.057
8070.000,45.486,0.212,41.019,0.085,0.538,0.076,0.724,0.057
8080.000,45.447,0.105,41.098,0.067,0.578,0.087,0.691,0.046
8090.000,45.447,0.123,41.067,0.108,0.570,0.073,0.732,0.095
8100.000,45.439,0.081,41.043,0.073,0.546,0.085,0.691,0.081
8110.000,45.478,0.123,41.059,0.091,0.523,0.097,0.740,0.133
8120.000,45.423,0.098,41.114,0.129,0.562,0.075,0.748,0.084
8130.000,45.463,0.124,41.051,0.079,0.554,0.100,0.732,0.087
8140.000,45.416,0.094,41.098,0.113,0.578,0.079,0.756,0.060
8150.000,45.486,0.081,41.082,0.099,0.578,0.058,0.756,0.081
8160.000,45.463,0.076,41.082,0.099,0.546,0.056,0.740,0.077
8170.000,45.431,0.120,41.114,0.106,0.578,0.079,0.740,0.077
8180.000,45.431,0.141,41.074,0.122,0.546,0.077,0.765,0.101
8190.000,45.447,0.128,41.059,0.074,0.578,0.079,0.740,0.109
8200.000,45.423,0.133,41.082,0.112,0.570,0.050,0.740,0.077
8210.000,45.431,0.101,41.011,0.076,0.602,0.073,0.716,0.110
8220.000,45.376,0.099,41.067,0.146,0.523,0.062,0.740,0.067
8230.000,45.494,0.131,41.059,0.064,0.618,0.100,0.740,0.086
8240.000,45.502,0.117,41.051,0.058,0.554,0.067,0.748,0.075
8250.000,45.384,0.113,41.051,0.108,0.515,0.045,0.732,0.069
8260.000,45.486,0.127,41.146,0.102,0.570,0.090,0.691,0.046
8270.000,45.423,0.052,41.035,0.124,0.562,0.065,0.781,0.084
8280.000,45.447,0.091,41.146,0.114,0.554,0.067,0.748,0.107
8290.000,45.384,0.113,41.082,0.092,0.546,0.056,0.773,0.105
8300.000,45.431,0.125,41.074,0.110,0.554,0.085,0.740,0.067
8310.000,45.478,0.074,41.161,0.084,0.594,0.045,0.724,0.069
8320.000,45.471,0.076,41.106,0.055,0.546,0.056,0.773,0.071
8330.000,45.376,0.118,41.027,0.140,0.594,0.069,0.708,0.077
8340.000,45.384,0.100,41.098,0.085,0.562,0.065,0.732,0.057
8350.000,45.439,0.127,41.051,0.095,0.546,0.067,0.781,0.092
8360.000,45.431,0.114,41.153,0.138,0.507,0.053,0.748,0.084
8370.000,45.400,0.153,41.106,0.055,0.602,0.073,0.716,0.079
8380.000,45.447,0.111,41.146,0.102,0.554,0.093,0.765,0.108
8390.000,45.463,0.113,41.090,0.067,0.546,0.067,0.732,0.087
8400.000,45.431,0.114,41.130,0.095,0.578,0.102,0.748,0.064
8410.000,45.439,0.072,41.019,0.150,0.602,0.073,0.756,0.118
8420.000,45.510,0.179,41.090,0.093,0.538,0.085,0.700,0.092
8430.000,45.392,0.118,41.169,0.140,0.499,0.095,0.716,0.079
8440.000,45.455,0.106,41.043,0.090,0.554,0.076,0.716,0.110
8450.000,45.439,0.110,41.098,0.077,0.554,0.067,0.756,0.046
8460.000,45.455,0.112,41.106,0.076,0.562,0.065,0.740,0.077
8470.000,45.447,0.098,41.098,0.077,0.531,0.075,0.732,0.057
8480.000,45.510,0.108,41.035,0.106,0.562,0.084,0.716,0.095
8490.000,45.471,0.153,41.098,0.100,0.610,0.099,0.675,0.071
8500.000,45.416,0.114,41.090,0.076,0.554,0.076,0.740,0.055
8510.000,45.455,0.112,41.067,0.120,0.546,0.085,0.724,0.057
8520.000,45.494,0.120,41.122,0.062,0.562,0.092,0.708,0.055
8530.000,45.416,0.078,41.098,0.085,0.554,0.055,0.683,0.094
8540.000,45.439,0.122,41.067,0.114,0.531,0.099,0.724,0.079
8550.000,45.518,0.110,41.114,0.124,0.554,0.076,0.740,0.055
8560.000,45.416,0.150,41.138,0.074,0.562,0.075,0.700,0.084
8570.000,45.455,0.149,41.067,0.069,0.586,0.075,0.716,0.069
8580.000,45.518,0.050,41.098,0.067,0.531,0.092,0.773,0.060
8590.000,45.439,0.165,41.098,0.119,0.546,0.085,0.765,0.077
8600.000,45.431,0.058,41.067,0.079,0.499,0.045,0.732,0.095
8610.000,45.510,0.101,41.098,0.056,0.602,0.082,0.724,0.103
8620.000,45.463,0.076,41.074,0.104,0.594,0.069,0.700,0.051
8630.000,45.439,0.142,41.067,0.137,0.578,0.095,0.740,0.077
8640.000,45.455,0.106,41.106,0.076,0.538,0.076,0.724,0.088
8650.000,45.478,0.117,41.082,0.112,0.546,0.067,0.756,0.060
8660.000,45.416,0.114,41.114,0.124,0.523,0.073,0.708,0.067
8670.000,45.471,0.106,41.051,0.126,0.554,0.067,0.740,0.077
8680.000,45.447,0.083,41.074,0.097,0.586,0.105,0.740,0.121
8690.000,45.423,0.128,41.043,0.097,0.546,0.067,0.716,0.079
8700.000,45.471,0.129,41.067,0.087,0.531,0.084,0.732,0.069
8710.000,45.455,0.178,41.130,0.069,0.570,0.062,0.716,0.057
8720.000,45.455,0.129,41.043,0.082,0.531,0.084,0.756,0.071
8730.000,45.455,0.084,41.082,0.053,0.562,0.065,0.732,0.057
8740.000,45.431,0.101,41.114,0.065,0.562,0.075,0.716,0.069
8750.000,45.447,0.098,41.106,0.093,0.538,0.055,0.740,0.094
8760.000,45.400,0.105,41.082,0.092,0.586,0.065,0.716,0.103
8770.000,45.471,0.129,41.082,0.075,0.586,0.065,0.716,0.079
8780.000,45.471,0.099,41.082,0.084,0.586,0.075,0.724,0.096
8790.000,45.447,0.206,41.130,0.114,0.554,0.055,0.740,0.067
8800.000,45.463,0.140,41.130,0.079,0.570,0.062,0.732,0.069
8810.000,45.502,0.181,41.114,0.075,0.570,0.073,0.724,0.103
8820.000,45.455,0.134,41.138,0.118,0.546,0.085,0.748,0.084
8830.000,45.510,0.150,41.146,0.079,0.523,0.050,0.732,0.095
8840.000,45.431,0.145,41.209,0.087,0.554,0.076,0.756,0.046
8850.000,45.526,0.134,41.193,0.084,0.586,0.099,0.708,0.094
8860.000,45.471,0.118,41.161,0.134,0.570,0.082,0.716,0.087
8870.000,45.502,0.083,41.201,0.122,0.554,0.093,0.789,0.077
8880.000,45.526,0.111,41.193,0.092,0.538,0.067,0.756,0.060
8890.000,45.533,0.158,41.201,0.073,0.523,0.090,0.724,0.103
8900.000,45.510,0.150,41.177,0.100,0.554,0.085,0.724,0.096
8910.000,45.502,0.074,41.201,0.073,0.602,0.097,0.748,0.064
8920.000,45.541,0.093,41.248,0.085,0.570,0.097,0.708,0.055
8930.000,45.455,0.092,41.193,0.134,0.562,0.084,0.691,0.081
8940.000,45.557,0.098,41.248,0.041,0.594,0.058,0.732,0.128
8950.000,45.526,0.144,41.177,0.113,0.562,0.065,0.756,0.089
8960.000,45.596,0.152,41.224,0.095,0.554,0.055,0.724,0.088
8970.000,45.549,0.076,41.185,0.076,0.538,0.076,0.781,0.075
8980.000,45.510,0.131,41.201,0.062,0.586,0.075,0.716,0.057
8990.000,45.557,0.139,41.224,0.079,0.586,0.053,0.716,0.087
9000.000,45.533,0.099,41.185,0.076,0.562,0.053,0.773,0.060
9010.000,45.502,0.128,41.161,0.092,0.594,0.095,0.700,0.075
9020.000,45.549,0.106,41.201,0.128,0.594,0.095,0.724,0.057
9030.000,45.549,0.139,41.185,0.159,0.554,0.076,0.724,0.069
9040.000,45.596,0.103,41.169,0.085,0.554,0.085,0.724,0.096
9050.000,45.549,0.118,41.185,0.085,0.594,0.087,0.700,0.051
9060.000,45.502,0.111,41.153,0.082,0.594,0.079,0.773,0.089
9070.000,45.620,0.100,41.130,0.069,0.578,0.087,0.683,0.086
9080.000,45.557,0.134,41.185,0.107,0.594,0.058,0.708,0.094
9090.000,45.557,0.098,41.193,0.106,0.570,0.050,0.724,0.057
9100.000,45.620,0.124,41.224,0.095,0.546,0.107,0.708,0.086
9110.000,45.580,0.138,41.201,0.062,0.610,0.075,0.708,0.067
9120.000,45.643,0.122,41.161,0.075,0.546,0.077,0.724,0.069
9130.000,45.573,0.078,41.161,0.065,0.578,0.079,0.756,0.081
9140.000,45.580,0.074,41.177,0.119,0.562,0.084,0.732,0.069
9150.000,45.541,0.118,41.185,0.055,0.562,0.053,0.789,0.077
9160.000,45.565,0.122,41.146,0.131,0.538,0.076,0.732,0.103
9170.000,45.533,0.144,41.138,0.083,0.578,0.045,0.683,0.086
9180.000,45.565,0.132,41.098,0.107,0.554,0.067,0.724,0.043
9190.000,45.471,0.112,41.130,0.114,0.546,0.067,0.740,0.067
9200.000,45.573,0.094,41.161,0.106,0.578,0.079,0.740,0.055
9210.000,45.565,0.103,41.169,0.100,0.546,0.077,0.732,0.057
9220.000,45.573,0.101,41.201,0.082,0.586,0.091,0.708,0.102
9230.000,45.486,0.089,41.146,0.120,0.523,0.082,0.756,0.089
9240.000,45.588,0.171,41.146,0.079,0.578,0.058,0.700,0.100
9250.000,45.510,0.101,41.240,0.112,0.570,0.062,0.748,0.075
9260.000,45.635,0.123,41.153,0.128,0.554,0.055,0.724,0.088
9270.000,45.518,0.122,41.122,0.122,0.562,0.038,0.765,0.086
9280.000,45.549,0.118,41.169,0.076,0.546,0.067,0.716,0.057
9290.000,45.549,0.153,41.122,0.062,0.523,0.082,0.724,0.088
9300.000,45.549,0.118,41.130,0.108,0.586,0.083,0.740,0.077
9310.000,45.533,0.139,41.161,0.118,0.625,0.056,0.732,0.069
9320.000,45.455,0.129,41.106,0.145,0.562,0.065,0.732,0.079
9330.000,45.439,0.152,41.122,0.128,0.554,0.076,0.708,0.067
9340.000,45.463,0.100,41.130,0.079,0.586,0.091,0.765,0.054
9350.000,45.502,0.133,41.122,0.133,0.578,0.058,0.765,0.054
9360.000,45.557,0.134,41.138,0.074,0.594,0.058,0.748,0.114
9370.000,45.510,0.125,41.090,0.055,0.570,0.050,0.716,0.057
9380.000,45.494,0.108,41.161,0.092,0.538,0.076,0.716,0.079
9390.000,45.573,0.101,41.114,0.092,0.562,0.084,0.732,0.069
9400.000,45.518,0.096,41.153,0.082,0.578,0.069,0.691,0.089
9410.000,45.518,0.116,41.122,0.073,0.523,0.062,0.748,0.100
9420.000,45.565,0.188,41.161,0.084,0.562,0.038,0.748,0.084
9430.000,45.526,0.098,41.074,0.082,0.554,0.085,0.724,0.096
9440.000,45.471,0.124,41.074,0.104,0.546,0.085,0.732,0.103
9450.000,45.494,0.101,41.098,0.145,0.562,0.065,0.756,0.071
9460.000,45.580,0.148,41.122,0.104,0.531,0.106,0.740,0.094
9470.000,45.541,0.145,41.090,0.067,0.618,0.100,0.732,0.042
9480.000,45.533,0.149,41.130,0.120,0.554,0.076,0.748,0.092
9490.000,45.526,0.123,41.122,0.090,0.578,0.087,0.740,0.077
9500.000,45.518,0.089,41.177,0.100,0.594,0.045,0.773,0.071
9510.000,45.533,0.216,41.153,0.082,0.515,0.069,0.748,0.084
9520.000,45.502,0.128,41.161,0.099,0.546,0.042,0.716,0.095
9530.000,45.518,0.137,41.161,0.075,0.546,0.067,0.748,0.147
9540.000,45.533,0.144,41.067,0.102,0.578,0.095,0.700,0.084
9550.000,45.502,0.157,41.106,0.100,0.562,0.065,0.756,0.105
9560.000,45.502,0.074,41.122,0.097,0.562,0.038,0.724,0.079
9570.000,45.557,0.139,41.106,0.067,0.554,0.107,0.748,0.051
9580.000,45.541,0.135,41.106,0.067,0.586,0.112,0.716,0.057
9590.000,45.471,0.129,41.090,0.107,0.554,0.055,0.781,0.064
9600.000,45.447,0.162,41.114,0.144,0.554,0.076,0.724,0.079
9610.000,45.510,0.108,41.146,0.087,0.578,0.095,0.683,0.121
9620.000,45.471,0.124,41.082,0.140,0.578,0.058,0.748,0.064
9630.000,45.463,0.118,41.090,0.067,0.570,0.062,0.724,0.069
9640.000,45.557,0.105,41.098,0.119,0.562,0.053,0.716,0.087
9650.000,45.518,0.132,41.090,0.055,0.610,0.112,0.765,0.077
9660.000,45.471,0.134,41.130,0.079,0.562,0.084,0.765,0.066
9670.000,45.541,0.100,41.130,0.058,0.531,0.084,0.716,0.069
9680.000,45.510,0.141,41.098,0.100,0.570,0.062,0.708,0.115
9690.000,45.510,0.108,41.074,0.073,0.562,0.075,0.748,0.064
9700.000,45.510,0.114,41.169,0.100,0.554,0.041,0.724,0.079
9710.000,45.518,0.122,41.035,0.065,0.570,0.097,0.756,0.060
9720.000,45.478,0.074,41.138,0.112,0.570,0.090,0.732,0.042
9730.000,45.439,0.072,41.161,0.118,0.562,0.075,0.732,0.079
9740.000,45.510,0.114,41.130,0.095,0.554,0.067,0.748,0.084
9750.000,45.494,0.114,41.138,0.064,0.578,0.095,0.708,0.067
9760.000,45.486,0.116,41.106,0.067,0.531,0.092,0.740,0.102
9770.000,45.502,0.138,41.153,0.073,0.578,0.087,0.700,0.092
9780.000,45.416,0.194,41.090,0.041,0.602,0.073,0.700,0.107
9790.000,45.494,0.108,41.035,0.129,0.602,0.050,0.732,0.069
9800.000,45.455,0.129,41.122,0.117,0.602,0.082,0.765,0.077
9810.000,45.510,0.114,41.090,0.085,0.562,0.118,0.716,0.069
9820.000,45.510,0.150,41.130,0.087,0.586,0.037,0.683,0.066
9830.000,45.502,0.123,41.114,0.092,0.562,0.053,0.732,0.116
9840.000,45.510,0.120,41.122,0.062,0.554,0.076,0.732,0.057
9850.000,45.455,0.144,41.098,0.100,0.586,0.053,0.691,0.097
9860.000,45.486,0.103,41.122,0.104,0.554,0.076,0.748,0.064
9870.000,45.471,0.106,41.138,0.105,0.554,0.067,0.756,0.060
9880.000,45.447,0.123,41.114,0.092,0.602,0.097,0.732,0.069
9890.000,45.439,0.116,41.090,0.119,0.602,0.050,0.781,0.075
9900.000,45.455,0.092,41.106,0.135,0.523,0.062,0.716,0.057
9910.000,45.518,0.110,41.153,0.097,0.594,0.058,0.708,0.086
9920.000,45.447,0.123,41.090,0.076,0.554,0.055,0.724,0.079
9930.000,45.502,0.170,41.161,0.065,0.570,0.082,0.683,0.077
9940.000,45.486,0.142,41.098,0.067,0.594,0.079,0.708,0.039
9950.000,45.494,0.101,41.090,0.107,0.578,0.079,0.740,0.077
9960.000,45.423,0.203,41.098,0.100,0.578,0.058,0.748,0.092
9970.000,45.455,0.084,41.106,0.076,0.570,0.082,0.691,0.060
9980.000,45.463,0.093,41.114,0.092,0.562,0.053,0.724,0.088
9990.000,45.416,0.145,41.161,0.065,0.538,0.076,0.765,0.115
10000.000,45.463,0.130,41.067,0.069,0.546,0.085,0.716,0.042
10010.000,45.502,0.123,41.106,0.085,0.570,0.073,0.675,0.105
10020.000,45.471,0.106,41.122,0.073,0.546,0.085,0.740,0.077
10030.000,45.486,0.156,41.051,0.095,0.562,0.092,0.781,0.084
10040.000,45.549,0.092,41.051,0.079,0.586,0.091,0.716,0.079
10050.000,45.416,0.114,41.090,0.067,0.523,0.090,0.691,0.060
10060.000,45.463,0.106,41.082,0.144,0.562,0.075,0.691,0.089
10070.000,45.478,0.134,41.067,0.058,0.562,0.075,0.724,0.057
10080.000,45.431,0.120,41.122,0.122,0.515,0.045,0.756,0.071
10090.000,45.439,0.081,41.043,0.073,0.594,0.058,0.756,0.081
10100.000,45.416,0.159,41.067,0.114,0.570,0.062,0.724,0.096
10110.000,45.447,0.091,41.067,0.087,0.586,0.065,0.756,0.046
10120.000,45.463,0.106,41.059,0.074,0.554,0.100,0.724,0.069
10130.000,45.455,0.106,41.043,0.090,0.586,0.053,0.765,0.066
10140.000,45.471,0.178,41.059,0.083,0.523,0.090,0.732,0.069
10150.000,45.408,0.160,41.059,0.064,0.594,0.058,0.700,0.051
10160.000,45.423,0.138,41.011,0.130,0.531,0.053,0.732,0.057
10170.000,45.431,0.120,41.011,0.067,0.562,0.075,0.765,0.077
10180.000,45.416,0.108,41.051,0.058,0.586,0.075,0.748,0.075
10190.000,45.392,0.099,41.051,0.120,0.570,0.050,0.683,0.086
10200.000,45.439,0.110,41.074,0.090,0.602,0.097,0.740,0.067
10210.000,45.400,0.105,40.964,0.117,0.578,0.058,0.756,0.060
10220.000,45.423,0.064,40.988,0.142,0.562,0.053,0.732,0.069
10230.000,45.447,0.091,41.043,0.062,0.515,0.095,0.748,0.064
10240.000,45.447,0.111,41.067,0.058,0.594,0.058,0.724,0.088
10250.000,45.423,0.117,41.067,0.045,0.594,0.069,0.724,0.096
10260.000,45.400,0.157,41.035,0.092,0.562,0.106,0.756,0.089
10270.000,45.471,0.076,41.098,0.085,0.562,0.075,0.789,0.086
10280.000,45.400,0.134,41.019,0.113,0.538,0.041,0.756,0.071
10290.000,45.526,0.148,41.098,0.119,0.562,0.065,0.765,0.066
10300.000,45.423,0.148,41.035,0.129,0.562,0.075,0.748,0.064
10310.000,45.376,0.139,41.098,0.145,0.578,0.079,0.748,0.084
10320.000,45.423,0.117,41.138,0.091,0.562,0.065,0.756,0.081
10330.000,45.416,0.086,41.035,0.084,0.554,0.055,0.748,0.084
10340.000,45.408,0.165,41.106,0.076,0.523,0.073,0.724,0.079
10350.000,45.369,0.098,41.138,0.118,0.570,0.062,0.724,0.069
10360.000,45.423,0.074,41.074,0.073,0.602,0.050,0.732,0.087
10370.000,45.376,0.139,41.035,0.053,0.546,0.067,0.765,0.077
10380.000,45.353,0.101,41.051,0.126,0.507,0.065,0.732,0.087
10390.000,45.478,0.128,41.019,0.113,0.594,0.058,0.732,0.069
10400.000,45.384,0.100,41.082,0.075,0.554,0.085,0.700,0.084
10410.000,45.423,0.123,41.090,0.107,0.546,0.056,0.773,0.097
10420.000,45.392,0.134,41.082,0.112,0.538,0.076,0.724,0.096
10430.000,45.439,0.116,41.082,0.112,0.602,0.090,0.708,0.109
10440.000,45.423,0.105,41.059,0.083,0.507,0.118,0.765,0.086
10450.000,45.455,0.162,41.059,0.129,0.554,0.055,0.732,0.079
10460.000,45.518,0.096,41.074,0.082,0.594,0.069,0.748,0.051
10470.000,45.471,0.129,41.090,0.113,0.554,0.067,0.748,0.075
10480.000,45.400,0.091,41.067,0.120,0.610,0.075,0.765,0.066
10490.000,45.478,0.148,41.051,0.079,0.538,0.067,0.724,0.043
10500.000,45.361,0.156,41.027,0.100,0.531,0.053,0.716,0.069
10510.000,45.400,0.091,41.138,0.098,0.546,0.067,0.708,0.077
10520.000,45.431,0.125,41.161,0.099,0.602,0.073,0.756,0.071
10530.000,45.439,0.132,41.122,0.097,0.602,0.073,0.716,0.069
10540.000,45.369,0.123,41.019,0.100,0.594,0.069,0.659,0.094
10550.000,45.408,0.127,41.138,0.098,0.570,0.050,0.756,0.111
10560.000,45.416,0.167,41.027,0.055,0.578,0.079,0.716,0.079
10570.000,45.423,0.083,41.106,0.085,0.562,0.075,0.716,0.079
10580.000,45.392,0.134,41.098,0.056,0.546,0.085,0.724,0.057
10590.000,45.423,0.074,41.043,0.033,0.546,0.067,0.756,0.071
10600.000,45.400,0.128,41.067,0.069,0.610,0.065,0.716,0.069
10610.000,45.384,0.113,41.035,0.092,0.562,0.075,0.732,0.057
10620.000,45.447,0.162,41.074,0.110,0.562,0.075,0.708,0.163
10630.000,45.408,0.127,40.988,0.102,0.546,0.077,0.756,0.071
10640.000,45.376,0.162,41.098,0.085,0.570,0.062,0.740,0.055
10650.000,45.392,0.149,41.035,0.075,0.562,0.038,0.732,0.144
10660.000,45.463,0.100,41.003,0.084,0.594,0.079,0.732,0.087
10670.000,45.408,0.097,41.074,0.097,0.562,0.065,0.708,0.094
10680.000,45.400,0.091,41.059,0.053,0.531,0.065,0.781,0.051
10690.000,45.471,0.149,41.067,0.102,0.625,0.056,0.724,0.096
10700.000,45.431,0.069,41.090,0.107,0.610,0.053,0.700,0.075
10710.000,45.439,0.127,41.035,0.075,0.578,0.058,0.756,0.097
10720.000,45.463,0.106,41.019,0.085,0.602,0.104,0.765,0.138
10730.000,45.439,0.072,41.027,0.140,0.554,0.093,0.740,0.077
10740.000,45.502,0.083,41.059,0.112,0.538,0.055,0.732,0.057
10750.000,45.439,0.089,41.059,0.074,0.602,0.033,0.724,0.057
10760.000,45.447,0.153,41.067,0.146,0.578,0.079,0.748,0.051
10770.000,45.463,0.100,41.067,0.087,0.570,0.073,0.748,0.064
10780.000,45.384,0.113,41.074,0.082,0.554,0.055,0.765,0.094
10790.000,45.463,0.149,41.059,0.091,0.578,0.102,0.716,0.103
10800.000,45.439,0.137,41.067,0.120,0.578,0.087,0.740,0.077
10810.000,45.423,0.123,41.043,0.104,0.578,0.095,0.675,0.071
10820.000,45.423,0.143,41.027,0.085,0.610,0.099,0.765,0.066
10830.000,45.423,0.157,41.043,0.073,0.586,0.105,0.716,0.057
10840.000,45.423,0.083,41.019,0.077,0.570,0.073,0.708,0.077
10850.000,45.423,0.165,41.059,0.098,0.594,0.079,0.756,0.081
10860.000,45.502,0.105,41.027,0.076,0.602,0.073,0.683,0.101
10870.000,45.455,0.134,40.995,0.097,0.594,0.079,0.724,0.069
10880.000,45.423,0.199,41.059,0.118,0.594,0.079,0.708,0.077
10890.000,45.463,0.113,40.988,0.102,0.586,0.065,0.691,0.071
10900.000,45.431,0.125,41.059,0.091,0.570,0.090,0.773,0.060
10910.000,45.423,0.157,41.090,0.076,0.554,0.076,0.748,0.100
10920.000,45.329,0.072,41.043,0.122,0.594,0.087,0.708,0.077
10930.000,45.455,0.139,41.122,0.090,0.586,0.053,0.716,0.042
10940.000,45.431,0.108,41.074,0.122,0.546,0.056,0.740,0.109
10950.000,45.392,0.099,41.027,0.076,0.546,0.093,0.732,0.079
10960.000,45.447,0.111,41.059,0.083,0.523,0.090,0.748,0.084
10970.000,45.416,0.150,41.074,0.062,0.586,0.037,0.724,0.096
10980.000,45.431,0.101,41.035,0.065,0.531,0.053,0.740,0.086
10990.000,45.431,0.114,41.043,0.104,0.570,0.062,0.724,0.079
11000.000,45.353,0.150,40.988,0.095,0.570,0.062,0.748,0.064
11010.000,45.416,0.069,40.972,0.126,0.594,0.079,0.765,0.101
11020.000,45.431,0.136,40.988,0.069,0.515,0.069,0.781,0.064
11030.000,45.423,0.091,40.980,0.098,0.531,0.075,0.708,0.094
11040.000,45.463,0.145,41.059,0.074,0.531,0.092,0.724,0.110
11050.000,45.392,0.055,41.019,0.085,0.554,0.055,0.716,0.057
11060.000,45.455,0.144,41.019,0.100,0.515,0.045,0.756,0.097
11070.000,45.471,0.106,41.067,0.087,0.546,0.067,0.675,0.060
11080.000,45.439,0.137,40.972,0.087,0.570,0.073,0.732,0.042
11090.000,45.455,0.144,41.059,0.064,0.586,0.053,0.716,0.069
11100.000,45.423,0.138,41.019,0.085,0.546,0.067,0.724,0.079
11110.000,45.400,0.144,41.011,0.085,0.554,0.076,0.740,0.067
11120.000,45.423,0.133,41.019,0.067,0.570,0.062,0.724,0.079
11130.000,45.345,0.138,41.011,0.085,0.554,0.076,0.724,0.079
11140.000,45.369,0.128,41.019,0.067,0.586,0.065,0.740,0.077
11150.000,45.353,0.114,41.011,0.076,0.570,0.082,0.756,0.097
11160.000,45.423,0.098,40.980,0.118,0.538,0.119,0.724,0.079
11170.000,45.392,0.099,41.011,0.107,0.570,0.073,0.781,0.075
11180.000,45.423,0.148,41.019,0.100,0.515,0.069,0.716,0.079
11190.000,45.392,0.106,40.932,0.093,0.499,0.095,0.756,0.105
11200.000,45.361,0.122,40.988,0.137,0.554,0.093,0.724,0.079
11210.000,45.408,0.152,40.964,0.090,0.570,0.062,0.708,0.055
11220.000,45.408,0.127,40.964,0.138,0.610,0.075,0.748,0.064
11230.000,45.439,0.137,41.019,0.085,0.586,0.075,0.756,0.060
11240.000,45.408,0.089,41.043,0.082,0.578,0.069,0.748,0.092
11250.000,45.400,0.105,40.956,0.106,0.562,0.065,0.708,0.039
11260.000,45.463,0.100,40.988,0.108,0.531,0.084,0.732,0.095
11270.000,45.376,0.112,40.956,0.129,0.554,0.100,0.756,0.081
11280.000,45.329,0.132,41.027,0.093,0.554,0.076,0.724,0.057
11290.000,45.298,0.106,41.035,0.092,0.562,0.065,0.716,0.087
11300.000,45.369,0.111,40.940,0.107,0.546,0.125,0.797,0.042
11310.000,45.369,0.065,41.019,0.125,0.515,0.095,0.716,0.042
11320.000,45.408,0.152,40.972,0.102,0.562,0.092,0.716,0.087
11330.000,45.376,0.092,40.948,0.113,0.546,0.093,0.756,0.081
11340.000,45.400,0.166,41.035,0.084,0.618,0.125,0.708,0.077
11350.000,45.361,0.062,40.988,0.108,0.515,0.095,0.708,0.067
11360.000,45.392,0.118,40.972,0.087,0.578,0.069,0.748,0.092
11370.000,45.298,0.174,41.019,0.077,0.538,0.076,0.740,0.086
11380.000,45.392,0.076,41.003,0.118,0.546,0.056,0.732,0.079
11390.000,45.361,0.137,40.924,0.129,0.633,0.067,0.748,0.075
11400.000,45.455,0.066,41.019,0.093,0.554,0.067,0.748,0.051
11410.000,45.329,0.097,40.988,0.102,0.610,0.053,0.756,0.071
11420.000,45.376,0.099,41.019,0.136,0.578,0.137,0.773,0.060
11430.000,45.384,0.093,41.019,0.056,0.586,0.075,0.700,0.051
11440.000,45.353,0.136,40.988,0.058,0.531,0.092,0.740,0.067
11450.000,45.392,0.139,41.043,0.110,0.610,0.099,0.765,0.077
11460.000,45.329,0.160,40.948,0.100,0.562,0.075,0.740,0.109
11470.000,45.416,0.120,40.995,0.062,0.546,0.067,0.683,0.066
11480.000,45.392,0.112,41.003,0.092,0.570,0.050,0.756,0.060
11490.000,45.337,0.141,40.995,0.073,0.546,0.100,0.732,0.087
11500.000,45.376,0.084,41.011,0.113,0.546,0.067,0.756,0.081
11510.000,45.353,0.086,40.948,0.107,0.562,0.053,0.716,0.087
11520.000,45.361,0.142,40.995,0.104,0.538,0.076,0.708,0.067
11530.000,45.361,0.116,40.995,0.110,0.570,0.073,0.691,0.118
11540.000,45.361,0.097,40.956,0.124,0.546,0.093,0.773,0.081
11550.000,45.337,0.150,41.011,0.093,0.578,0.069,0.765,0.066
11560.000,45.361,0.110,41.027,0.067,0.570,0.090,0.716,0.095
11570.000,45.376,0.149,40.972,0.120,0.546,0.077,0.748,0.075
11580.000,45.337,0.125,41.003,0.084,0.641,0.065,0.708,0.094
11590.000,45.369,0.098,40.995,0.143,0.531,0.065,0.732,0.079
11600.000,45.400,0.134,40.995,0.073,0.554,0.113,0.732,0.095
11610.000,45.423,0.111,41.011,0.125,0.554,0.093,0.716,0.069
11620.000,45.345,0.123,40.988,0.108,0.515,0.087,0.773,0.071
11630.000,45.369,0.083,40.988,0.095,0.586,0.075,0.756,0.105
11640.000,45.392,0.084,40.988,0.131,0.578,0.108,0.724,0.088
11650.000,45.329,0.127,40.988,0.095,0.531,0.099,0.756,0.026
11660.000,45.408,0.152,41.003,0.092,0.586,0.091,0.773,0.081
11670.000,45.431,0.108,40.972,0.114,0.531,0.084,0.716,0.087
11680.000,45.337,0.101,40.972,0.095,0.554,0.055,0.748,0.075
11690.000,45.353,0.101,40.972,0.079,0.562,0.065,0.724,0.088
11700.000,45.369,0.148,40.940,0.093,0.546,0.085,0.716,0.079
11710.000,45.321,0.098,40.980,0.083,0.531,0.053,0.740,0.077
11720.000,45.243,0.144,40.980,0.134,0.570,0.082,0.756,0.081
11730.000,45.314,0.112,40.980,0.074,0.554,0.067,0.740,0.077
11740.000,45.329,0.081,40.940,0.085,0.570,0.097,0.716,0.057
11750.000,45.369,0.091,41.019,0.107,0.594,0.079,0.716,0.069
11760.000,45.345,0.123,40.948,0.100,0.570,0.062,0.716,0.069
11770.000,45.282,0.103,40.901,0.083,0.562,0.092,0.724,0.069
11780.000,45.321,0.148,41.011,0.100,0.578,0.087,0.724,0.057
11790.000,45.314,0.112,40.972,0.095,0.618,0.085,0.708,0.039
11800.000,45.376,0.106,40.932,0.076,0.570,0.082,0.732,0.087
11810.000,45.314,0.118,41.027,0.113,0.578,0.058,0.683,0.086
11820.000,45.298,0.099,41.003,0.075,0.531,0.075,0.740,0.067
11830.000,45.251,0.152,41.003,0.112,0.531,0.053,0.789,0.094
11840.000,45.400,0.083,40.995,0.122,0.610,0.075,0.724,0.079
11850.000,45.306,0.085,41.003,0.118,0.531,0.118,0.700,0.064
11860.000,45.369,0.139,40.988,0.058,0.554,0.067,0.748,0.092
11870.000,45.376,0.092,40.995,0.104,0.546,0.085,0.765,0.054
11880.000,45.361,0.116,40.995,0.082,0.570,0.062,0.724,0.069
11890.000,45.361,0.116,40.988,0.102,0.586,0.037,0.756,0.097
11900.000,45.345,0.148,40.980,0.105,0.546,0.067,0.756,0.118
11910.000,45.274,0.131,40.980,0.098,0.570,0.050,0.765,0.127
11920.000,45.353,0.114,41.011,0.140,0.562,0.053,0.700,0.075
11930.000,45.329,0.110,41.035,0.112,0.570,0.082,0.740,0.055
11940.000,45.368,0.193,41.059,0.123,0.586,0.083,0.724,0.057
11950.000,45.314,0.106,40.964,0.161,0.578,0.087,0.781,0.075
11960.000,45.337,0.101,41.003,0.053,0.570,0.073,0.756,0.081
11970.000,45.431,0.058,40.972,0.087,0.554,0.055,0.748,0.075
11980.000,45.345,0.143,40.988,0.131,0.538,0.145,0.667,0.084
11990.000,45.329,0.097,40.980,0.098,0.507,0.083,0.781,0.051
12000.000,45.321,0.098,40.995,0.117,0.586,0.083,0.716,0.069
12010.000,45.369,0.065,40.964,0.082,0.586,0.075,0.716,0.079
12020.000,45.361,0.089,41.027,0.076,0.515,0.095,0.756,0.111
12030.000,45.321,0.111,40.956,0.092,0.594,0.079,0.748,0.064
12040.000,45.337,0.094,40.988,0.151,0.538,0.067,0.748,0.064
12050.000,45.345,0.105,41.003,0.112,0.562,0.053,0.789,0.077
12060.000,45.274,0.120,40.948,0.107,0.570,0.050,0.732,0.110
12070.000,45.353,0.131,40.980,0.118,0.523,0.073,0.740,0.077
12080.000,45.259,0.136,40.988,0.087,0.570,0.073,0.756,0.060
12090.000,45.376,0.139,40.972,0.087,0.562,0.053,0.732,0.069
12100.000,45.353,0.125,40.972,0.131,0.602,0.062,0.724,0.069
12110.000,45.321,0.123,40.980,0.149,0.602,0.082,0.716,0.079
12120.000,45.298,0.099,41.019,0.093,0.562,0.099,0.756,0.060
12130.000,45.298,0.118,41.059,0.112,0.554,0.130,0.708,0.077
12140.000,45.274,0.101,41.019,0.077,0.554,0.041,0.732,0.079
12150.000,45.282,0.103,40.995,0.090,0.602,0.062,0.748,0.051
12160.000,45.345,0.128,40.948,0.100,0.562,0.084,0.732,0.069
12170.000,45.259,0.086,40.980,0.074,0.531,0.038,0.700,0.114
12180.000,45.329,0.152,40.980,0.083,0.562,0.075,0.740,0.115
12190.000,45.314,0.084,40.995,0.090,0.562,0.092,0.708,0.055
12200.000,45.259,0.094,41.011,0.135,0.554,0.085,0.740,0.077
12210.000,45.329,0.152,40.988,0.079,0.507,0.075,0.765,0.066
12220.000,45.345,0.105,40.940,0.100,0.562,0.075,0.724,0.103
12230.000,45.274,0.145,40.964,0.117,0.531,0.075,0.781,0.051
12240.000,45.282,0.160,40.964,0.110,0.562,0.053,0.732,0.042
12250.000,45.306,0.085,40.995,0.090,0.562,0.099,0.724,0.088
12260.000,45.345,0.143,40.964,0.104,0.570,0.050,0.716,0.087
12270.000,45.282,0.089,40.988,0.114,0.562,0.106,0.724,0.103
12280.000,45.314,0.139,40.964,0.082,0.586,0.091,0.740,0.121
12290.000,45.211,0.128,40.964,0.090,0.546,0.056,0.789,0.086
12300.000,45.282,0.110,40.956,0.129,0.586,0.075,0.740,0.055
12310.000,45.314,0.076,40.956,0.144,0.586,0.065,0.708,0.077
12320.000,45.345,0.091,40.948,0.085,0.578,0.079,0.765,0.086
12330.000,45.290,0.111,40.845,0.135,0.594,0.095,0.781,0.092
12340.000,45.266,0.117,40.916,0.117,0.570,0.104,0.691,0.046
12350.000,45.321,0.091,40.893,0.108,0.570,0.073,0.732,0.042
12360.000,45.306,0.140,40.940,0.125,0.531,0.075,0.708,0.055
12370.000,45.282,0.103,40.916,0.082,0.578,0.079,0.732,0.079
12380.000,45.321,0.105,40.956,0.075,0.531,0.053,0.732,0.103
12390.000,45.274,0.114,40.924,0.118,0.578,0.087,0.700,0.075
12400.000,45.282,0.156,40.972,0.069,0.578,0.115,0.700,0.051
12410.000,45.259,0.136,40.901,0.064,0.594,0.095,0.765,0.086
12420.000,45.369,0.083,40.893,0.058,0.570,0.062,0.765,0.086
12430.000,45.290,0.074,40.893,0.126,0.570,0.062,0.724,0.079
12440.000,45.235,0.099,40.916,0.090,0.562,0.053,0.724,0.079
12450.000,45.266,0.098,40.924,0.092,0.546,0.056,0.732,0.057
12460.000,45.290,0.105,40.822,0.074,0.570,0.062,0.716,0.103
12470.000,45.306,0.093,40.909,0.102,0.554,0.076,0.756,0.081
12480.000,45.298,0.092,40.924,0.092,0.562,0.065,0.748,0.100
12490.000,45.243,0.139,40.924,0.092,0.594,0.087,0.691,0.105
12500.000,45.251,0.110,40.869,0.119,0.523,0.090,0.756,0.046
12510.000,45.259,0.145,40.932,0.125,0.562,0.065,0.740,0.067
12520.000,45.243,0.157,40.877,0.106,0.546,0.093,0.732,0.103
12530.000,45.259,0.108,40.869,0.076,0.570,0.062,0.716,0.087
12540.000,45.227,0.158,40.916,0.117,0.554,0.085,0.675,0.071
12550.000,45.274,0.108,40.924,0.065,0.562,0.053,0.724,0.079
12560.000,45.204,0.132,40.956,0.099,0.531,0.053,0.765,0.121
12570.000,45.219,0.174,40.901,0.083,0.570,0.073,0.740,0.077
12580.000,45.180,0.094,40.861,0.100,0.554,0.076,0.748,0.075
12590.000,45.227,0.118,40.909,0.058,0.578,0.095,0.748,0.075
12600.000,45.259,0.141,40.909,0.058,0.562,0.065,0.756,0.097
12610.000,45.251,0.132,40.869,0.093,0.562,0.065,0.700,0.084
12620.000,45.219,0.099,40.893,0.095,0.570,0.062,0.724,0.057
12630.000,45.266,0.083,40.806,0.122,0.578,0.087,0.724,0.088
12640.000,45.219,0.129,40.893,0.069,0.523,0.062,0.724,0.057
12650.000,45.298,0.153,40.909,0.137,0.570,0.111,0.716,0.116
12660.000,45.251,0.110,40.893,0.058,0.570,0.062,0.675,0.046
12670.000,45.172,0.103,40.885,0.073,0.546,0.042,0.708,0.094
12680.000,45.259,0.145,40.869,0.119,0.538,0.067,0.691,0.097
12690.000,45.204,0.103,40.830,0.131,0.538,0.085,0.683,0.101
12700.000,45.298,0.154,40.877,0.092,0.602,0.050,0.748,0.100
12710.000,45.259,0.069,40.901,0.112,0.546,0.067,0.765,0.086
12720.000,45.211,0.123,40.885,0.082,0.578,0.087,0.732,0.079
12730.000,45.188,0.098,40.909,0.108,0.570,0.097,0.700,0.075
12740.000,45.243,0.153,40.861,0.067,0.570,0.117,0.716,0.069
12750.000,45.227,0.130,40.924,0.124,0.531,0.038,0.708,0.055
12760.000,45.211,0.174,40.940,0.107,0.610,0.065,0.724,0.088
12770.000,45.227,0.119,40.916,0.117,0.554,0.085,0.708,0.102
12780.000,45.274,0.131,40.901,0.083,0.562,0.099,0.691,0.089
12790.000,45.149,0.076,40.924,0.124,0.570,0.062,0.756,0.105
12800.000,45.164,0.117,40.885,0.122,0.602,0.090,0.716,0.057
12810.000,45.227,0.124,40.940,0.042,0.594,0.045,0.748,0.034
12820.000,45.227,0.067,40.869,0.119,0.546,0.077,0.700,0.107
12830.000,45.204,0.160,40.940,0.077,0.546,0.113,0.781,0.064
12840.000,45.243,0.117,40.909,0.114,0.602,0.090,0.756,0.089
12850.000,45.141,0.139,40.893,0.120,0.570,0.111,0.765,0.038
12860.000,45.274,0.145,40.948,0.093,0.586,0.053,0.724,0.043
12870.000,45.259,0.183,40.964,0.082,0.586,0.053,0.773,0.081
12880.000,45.282,0.062,40.877,0.118,0.531,0.092,0.724,0.103
12890.000,45.211,0.157,40.932,0.076,0.554,0.093,0.773,0.081
12900.000,45.266,0.105,40.924,0.075,0.562,0.106,0.756,0.071
12910.000,45.251,0.161,40.980,0.064,0.586,0.091,0.724,0.057
12920.000,45.219,0.154,40.901,0.123,0.538,0.100,0.740,0.077
12930.000,45.164,0.091,40.916,0.090,0.562,0.075,0.756,0.060
12940.000,45.235,0.099,40.924,0.118,0.538,0.041,0.708,0.077
12950.000,45.282,0.089,40.956,0.065,0.578,0.079,0.716,0.069
12960.000,45.235,0.106,40.909,0.114,0.531,0.065,0.740,0.086
12970.000,45.141,0.134,40.924,0.065,0.562,0.084,0.740,0.094
12980.000,45.337,0.086,40.940,0.085,0.546,0.085,0.740,0.086
12990.000,45.298,0.144,40.885,0.110,0.578,0.095,0.748,0.051
13000.000,45.180,0.069,40.988,0.079,0.546,0.077,0.732,0.042
13010.000,45.235,0.084,40.893,0.087,0.546,0.067,0.700,0.084
13020.000,45.141,0.139,40.909,0.069,0.531,0.106,0.708,0.067
13030.000,45.243,0.123,40.901,0.091,0.546,0.056,0.773,0.060
13040.000,45.188,0.153,40.909,0.151,0.507,0.075,0.708,0.094
13050.000,45.227,0.186,40.948,0.107,0.515,0.079,0.683,0.077
13060.000,45.227,0.113,40.932,0.067,0.554,0.093,0.740,0.077
13070.000,45.196,0.120,40.932,0.055,0.562,0.065,0.773,0.071
13080.000,45.180,0.086,40.932,0.100,0.554,0.067,0.756,0.071
13090.000,45.259,0.136,40.924,0.106,0.499,0.079,0.732,0.057
13100.000,45.235,0.076,41.011,0.076,0.515,0.069,0.740,0.067
13110.000,45.290,0.105,40.924,0.099,0.578,0.058,0.732,0.087
13120.000,45.188,0.123,40.940,0.113,0.538,0.041,0.740,0.086
13130.000,45.251,0.110,40.948,0.055,0.578,0.102,0.740,0.086
13140.000,45.227,0.130,40.901,0.105,0.546,0.067,0.716,0.069
13150.000,45.290,0.128,40.901,0.098,0.594,0.069,0.724,0.057
13160.000,45.204,0.122,40.948,0.107,0.562,0.038,0.708,0.102
13170.000,45.235,0.092,40.964,0.082,0.578,0.115,0.740,0.086
13180.000,45.251,0.122,40.932,0.093,0.570,0.050,0.732,0.069
13190.000,45.172,0.103,40.956,0.134,0.570,0.082,0.740,0.077
13200.000,45.282,0.116,40.988,0.069,0.546,0.085,0.748,0.084
13210.000,45.251,0.072,41.019,0.107,0.578,0.079,0.724,0.057
13220.000,45.180,0.094,40.893,0.095,0.538,0.093,0.740,0.094
13230.000,45.266,0.133,40.980,0.105,0.546,0.100,0.732,0.087
13240.000,45.235,0.124,40.988,0.102,0.602,0.082,0.765,0.066
13250.000,45.251,0.152,40.995,0.082,0.554,0.067,0.740,0.086
13260.000,45.266,0.098,41.027,0.107,0.562,0.065,0.781,0.051
13270.000,45.180,0.078,40.995,0.073,0.562,0.075,0.740,0.086
13280.000,45.204,0.089,40.995,0.122,0.531,0.092,0.716,0.116
13290.000,45.243,0.111,40.988,0.079,0.523,0.097,0.740,0.067
13300.000,45.290,0.105,40.995,0.104,0.578,0.087,0.724,0.069
13310.000,45.219,0.106,41.027,0.100,0.570,0.050,0.716,0.095
13320.000,45.259,0.058,41.003,0.075,0.554,0.055,0.708,0.039
13330.000,45.274,0.078,41.027,0.093,0.594,0.069,0.740,0.077
13340.000,45.259,0.094,40.995,0.082,0.610,0.084,0.740,0.067
13350.000,45.211,0.123,40.956,0.092,0.546,0.100,0.683,0.101
13360.000,45.290,0.117,41.059,0.053,0.531,0.084,0.716,0.079
13370.000,45.251,0.116,41.011,0.067,0.554,0.067,0.724,0.057
13380.000,45.243,0.091,41.003,0.106,0.531,0.092,0.683,0.077
13390.000,45.251,0.089,41.059,0.129,0.538,0.113,0.724,0.096
13400.000,45.251,0.138,41.003,0.092,0.578,0.079,0.740,0.055
13410.000,45.266,0.105,41.011,0.085,0.578,0.079,0.716,0.069
13420.000,45.196,0.125,40.995,0.097,0.586,0.065,0.691,0.060
13430.000,45.266,0.123,41.003,0.118,0.594,0.087,0.748,0.075
13440.000,45.259,0.141,40.988,0.087,0.546,0.042,0.716,0.069
13450.000,45.306,0.100,40.972,0.095,0.523,0.050,0.740,0.094
13460.000,45.251,0.110,40.972,0.079,0.507,0.065,0.708,0.077
13470.000,45.314,0.084,41.003,0.118,0.586,0.065,0.740,0.086
13480.000,45.188,0.091,41.019,0.056,0.562,0.053,0.732,0.069
13490.000,45.227,0.124,41.019,0.077,0.554,0.093,0.765,0.066
13500.000,45.282,0.142,41.003,0.075,0.546,0.067,0.708,0.039
13510.000,45.314,0.112,41.019,0.100,0.554,0.076,0.765,0.086
13520.000,45.314,0.099,41.003,0.099,0.570,0.073,0.724,0.057
13530.000,45.251,0.142,41.043,0.097,0.554,0.085,0.748,0.075
13540.000,45.290,0.123,41.051,0.095,0.562,0.106,0.708,0.067
13550.000,45.290,0.111,41.019,0.077,0.499,0.108,0.789,0.094
13560.000,45.259,0.108,41.011,0.113,0.554,0.093,0.740,0.039
13570.000,45.227,0.093,40.988,0.079,0.570,0.090,0.740,0.094
13580.000,45.298,0.099,41.043,0.097,0.515,0.079,0.700,0.132
13590.000,45.314,0.099,40.956,0.106,0.562,0.106,0.732,0.069
13600.000,45.259,0.078,40.988,0.114,0.578,0.087,0.732,0.057
13610.000,45.251,0.097,40.916,0.097,0.546,0.067,0.748,0.107
13620.000,45.219,0.129,41.051,0.058,0.538,0.076,0.732,0.069
13630.000,45.266,0.196,41.003,0.075,0.554,0.067,0.740,0.094
13640.000,45.329,0.072,41.003,0.129,0.531,0.084,0.748,0.084
13650.000,45.306,0.175,41.011,0.140,0.515,0.079,0.691,0.081
13660.000,45.219,0.124,41.027,0.107,0.586,0.083,0.748,0.051
13670.000,45.321,0.105,41.051,0.120,0.554,0.076,0.724,0.079
13680.000,45.345,0.091,41.011,0.119,0.538,0.067,0.667,0.092
13690.000,45.290,0.139,41.051,0.102,0.515,0.079,0.773,0.060
13700.000,45.321,0.128,40.964,0.050,0.554,0.055,0.724,0.079
13710.000,45.274,0.145,41.027,0.093,0.554,0.076,0.748,0.114
13720.000,45.211,0.128,41.051,0.126,0.554,0.076,0.732,0.079
13730.000,45.259,0.114,41.019,0.085,0.523,0.050,0.789,0.055
13740.000,45.251,0.122,41.027,0.100,0.562,0.075,0.716,0.095
13750.000,45.219,0.149,41.043,0.090,0.562,0.092,0.732,0.057
13760.000,45.266,0.138,40.995,0.153,0.515,0.069,0.748,0.064
13770.000,45.306,0.118,41.059,0.074,0.586,0.053,0.732,0.116
13780.000,45.298,0.134,41.003,0.092,0.538,0.067,0.740,0.067
13790.000,45.266,0.074,41.043,0.073,0.570,0.090,0.700,0.100
13800.000,45.298,0.112,41.027,0.085,0.546,0.093,0.732,0.079
13810.000,45.243,0.083,41.067,0.079,0.554,0.055,0.756,0.081
13820.000,45.314,0.144,41.027,0.125,0.554,0.041,0.724,0.057
13830.000,45.306,0.076,41.035,0.084,0.554,0.067,0.748,0.075
13840.000,45.314,0.134,41.011,0.085,0.499,0.069,0.724,0.057
13850.000,45.235,0.084,41.043,0.062,0.570,0.090,0.756,0.111
13860.000,45.321,0.123,41.011,0.085,0.538,0.067,0.756,0.097
13870.000,45.314,0.099,40.988,0.095,0.578,0.069,0.724,0.069
13880.000,45.321,0.098,40.972,0.108,0.570,0.073,0.732,0.087
13890.000,45.298,0.076,40.972,0.095,0.546,0.067,0.748,0.075
13900.000,45.251,0.132,41.082,0.129,0.602,0.050,0.740,0.077
13910.000,45.290,0.105,40.948,0.140,0.562,0.084,0.683,0.054
13920.000,45.345,0.143,41.090,0.055,0.594,0.069,0.765,0.086
13930.000,45.314,0.154,41.027,0.107,0.531,0.084,0.724,0.088
13940.000,45.298,0.134,41.027,0.093,0.594,0.058,0.773,0.071
13950.000,45.298,0.129,41.019,0.093,0.578,0.087,0.765,0.094
13960.000,45.314,0.055,41.098,0.093,0.554,0.076,0.724,0.057
13970.000,45.282,0.132,41.059,0.118,0.602,0.104,0.675,0.081
13980.000,45.290,0.139,41.082,0.075,0.562,0.065,0.765,0.094
13990.000,45.266,0.098,41.027,0.076,0.538,0.093,0.732,0.079
14000.000,45.266,0.117,41.035,0.084,0.538,0.085,0.716,0.069
14010.000,45.337,0.120,41.035,0.084,0.594,0.058,0.740,0.086
14020.000,45.314,0.112,41.059,0.074,0.538,0.093,0.708,0.077
14030.000,45.337,0.069,41.051,0.114,0.578,0.108,0.708,0.115
14040.000,45.337,0.101,41.090,0.067,0.554,0.067,0.756,0.081
14050.000,45.345,0.098,41.035,0.084,0.562,0.084,0.748,0.064
14060.000,45.329,0.127,41.043,0.097,0.562,0.118,0.683,0.066
14070.000,45.329,0.089,41.035,0.106,0.570,0.062,0.740,0.077
14080.000,45.321,0.098,41.011,0.130,0.586,0.105,0.756,0.081
14090.000,45.290,0.144,41.051,0.102,0.578,0.102,0.724,0.069
14100.000,45.243,0.117,41.114,0.112,0.594,0.079,0.724,0.117
14110.000,45.369,0.098,41.059,0.074,0.546,0.077,0.700,0.064
14120.000,45.274,0.086,41.051,0.079,0.546,0.085,0.740,0.067
14130.000,45.306,0.093,41.051,0.108,0.562,0.053,0.740,0.109
14140.000,45.274,0.101,41.051,0.069,0.570,0.062,0.724,0.057
14150.000,45.337,0.136,41.082,0.065,0.570,0.082,0.789,0.067
14160.000,45.321,0.170,41.074,0.082,0.554,0.076,0.716,0.069
14170.000,45.290,0.105,41.043,0.104,0.594,0.058,0.732,0.079
14180.000,45.361,0.097,40.988,0.069,0.570,0.090,0.732,0.087
14190.000,45.321,0.105,41.035,0.084,0.515,0.045,0.748,0.075
14200.000,45.274,0.086,41.059,0.098,0.570,0.090,0.724,0.057
14210.000,45.290,0.128,41.043,0.097,0.538,0.085,0.724,0.057
14220.000,45.306,0.067,41.067,0.069,0.554,0.085,0.773,0.046
14230.000,45.361,0.156,41.074,0.082,0.531,0.075,0.740,0.067
14240.000,45.282,0.156,40.995,0.117,0.586,0.083,0.724,0.117
14250.000,45.329,0.132,41.059,0.064,0.570,0.062,0.797,0.087
14260.000,45.321,0.074,41.074,0.082,0.570,0.082,0.732,0.095
14270.000,45.329,0.097,41.035,0.084,0.523,0.123,0.732,0.087
14280.000,45.251,0.103,40.995,0.138,0.578,0.069,0.708,0.077
14290.000,45.321,0.105,41.067,0.087,0.562,0.053,0.724,0.079
14300.000,45.337,0.141,41.043,0.128,0.554,0.067,0.691,0.060
14310.000,45.306,0.190,41.067,0.079,0.562,0.075,0.748,0.075
14320.000,45.290,0.105,41.051,0.102,0.578,0.058,0.700,0.051
14330.000,45.361,0.132,41.003,0.099,0.538,0.093,0.667,0.075
14340.000,45.345,0.133,40.964,0.110,0.578,0.095,0.765,0.086
14350.000,45.259,0.114,41.019,0.077,0.602,0.090,0.708,0.077
14360.000,45.321,0.065,41.027,0.093,0.523,0.073,0.781,0.107
14370.000,45.290,0.074,41.051,0.087,0.523,0.050,0.716,0.079
14380.000,45.314,0.189,41.043,0.104,0.546,0.067,0.740,0.039
14390.000,45.251,0.081,41.106,0.130,0.570,0.073,0.732,0.087
14400.000,45.259,0.094,40.980,0.139,0.570,0.073,0.732,0.116
14410.000,45.298,0.112,41.035,0.092,0.538,0.067,0.724,0.088
14420.000,45.235,0.124,41.051,0.095,0.531,0.084,0.756,0.111
14430.000,45.266,0.091,41.035,0.075,0.570,0.050,0.740,0.067
14440.000,45.321,0.111,41.051,0.087,0.554,0.076,0.740,0.067
14450.000,45.251,0.062,41.027,0.100,0.507,0.083,0.732,0.087
14460.000,45.251,0.165,41.051,0.087,0.523,0.062,0.708,0.067
14470.000,45.282,0.072,41.082,0.084,0.578,0.079,0.724,0.043
14480.000,45.235,0.118,41.067,0.126,0.546,0.056,0.765,0.077
14490.000,45.306,0.085,41.051,0.120,0.531,0.065,0.716,0.103
14500.000,45.243,0.098,41.067,0.126,0.570,0.062,0.691,0.046
14510.000,45.243,0.105,41.059,0.091,0.570,0.082,0.724,0.088
14520.000,45.227,0.154,41.019,0.093,0.562,0.075,0.732,0.069
14530.000,45.321,0.148,41.098,0.150,0.538,0.119,0.740,0.077
14540.000,45.211,0.153,40.988,0.095,0.570,0.104,0.748,0.084
14550.000,45.204,0.097,41.035,0.065,0.507,0.083,0.732,0.069
14560.000,45.243,0.105,41.003,0.092,0.531,0.084,0.756,0.046
14570.000,45.314,0.139,41.011,0.100,0.578,0.087,0.724,0.088
14580.000,45.235,0.076,41.011,0.093,0.515,0.102,0.756,0.060
14590.000,45.290,0.098,40.948,0.085,0.554,0.055,0.716,0.079
14600.000,45.235,0.066,41.003,0.106,0.531,0.084,0.740,0.086
14610.000,45.188,0.111,41.011,0.135,0.554,0.100,0.740,0.039
14620.000,45.204,0.188,41.035,0.053,0.594,0.058,0.756,0.071
14630.000,45.266,0.098,41.019,0.085,0.515,0.108,0.732,0.103
14640.000,45.298,0.092,41.035,0.134,0.546,0.093,0.748,0.084
14650.000,45.196,0.078,41.019,0.130,0.602,0.050,0.732,0.079
14660.000,45.227,0.140,40.988,0.069,0.586,0.083,0.724,0.079
14670.000,45.219,0.144,40.972,0.069,0.570,0.073,0.708,0.102
14680.000,45.298,0.066,41.035,0.106,0.538,0.076,0.700,0.075
14690.000,45.204,0.110,41.011,0.150,0.578,0.115,0.708,0.086
14700.000,45.306,0.093,41.011,0.093,0.586,0.065,0.708,0.094
14710.000,45.227,0.124,40.995,0.128,0.602,0.050,0.708,0.086
14720.000,45.259,0.108,40.995,0.117,0.554,0.076,0.740,0.055
14730.000,45.235,0.118,41.035,0.092,0.562,0.075,0.732,0.087
14740.000,45.259,0.125,41.035,0.099,0.554,0.119,0.740,0.077
14750.000,45.235,0.099,40.988,0.079,0.570,0.073,0.691,0.060
14760.000,45.204,0.097,41.011,0.076,0.562,0.092,0.724,0.096
14770.000,45.211,0.091,40.988,0.087,0.546,0.067,0.773,0.081
14780.000,45.204,0.110,41.011,0.076,0.562,0.075,0.724,0.088
14790.000,45.251,0.089,40.995,0.097,0.538,0.067,0.748,0.100
14800.000,45.211,0.123,40.980,0.098,0.570,0.090,0.740,0.067
14810.000,45.157,0.106,40.988,0.058,0.554,0.100,0.748,0.064
14820.000,45.259,0.131,41.003,0.099,0.515,0.079,0.691,0.089
14830.000,45.235,0.139,41.011,0.093,0.570,0.062,0.732,0.069
14840.000,45.188,0.083,41.027,0.076,0.538,0.093,0.675,0.071
14850.000,45.219,0.134,40.956,0.065,0.594,0.045,0.732,0.057
14860.000,45.251,0.169,41.003,0.118,0.586,0.105,0.691,0.118
14870.000,45.188,0.148,40.995,0.090,0.570,0.062,0.675,0.060
14880.000,45.196,0.155,40.988,0.120,0.570,0.082,0.683,0.054
14890.000,45.243,0.117,40.964,0.104,0.523,0.111,0.756,0.089
14900.000,45.211,0.117,40.948,0.067,0.523,0.097,0.732,0.069
14910.000,45.251,0.127,41.011,0.130,0.586,0.083,0.732,0.069
14920.000,45.164,0.174,40.995,0.073,0.562,0.065,0.716,0.103
